series,location,keywords,numpages,articleno,booktitle,doi,url,address,publisher,isbn,year,title,author,ENTRYTYPE,ID,pages,month,journal,issn,number,volume,issue_date,note
DESTION '25,"Irvine, CA, USA","Augmentation, Diagnostic, Pipeline, Provenance, Uncertainty Quantification",6.0,6.0,Proceedings of the 7th Workshop on Design Automation for CPS and IoT,10.1145/3722573.3727831,https://doi.org/10.1145/3722573.3727831,"New York, NY, USA",Association for Computing Machinery,9798400716041.0,2025,Uncertainty Quantification and Data Provenance for Data Pipeline Security Analysis,"Dadeboe, Alberta and Mansourifard, Farzaneh and Sugrim, Shridatt",inproceedings,10.1145/3722573.3727831,,,,,,,,
SAC '24,"Avila, Spain","secure software development, security metrics, practitioners",10.0,,Proceedings of the 39th ACM/SIGAPP Symposium on Applied Computing,10.1145/3605098.3635892,https://doi.org/10.1145/3605098.3635892,"New York, NY, USA",Association for Computing Machinery,9798400702433.0,2024,You cannot improve what you do not measure: A triangulation study of software security metrics,"Kudriavtseva, Arina and Gadyatskaya, Olga",inproceedings,10.1145/3605098.3635892,1223–1232,,,,,,,
,,,9.0,,,10.1145/3631519,https://doi.org/10.1145/3631519,"New York, NY, USA",Association for Computing Machinery,,2024,A Roadmap for Using Continuous Integration Environments,"Yu, Liang and Al\'{e}groth, Emil and Chatzipetrou, Panagiota and Gorschek, Tony",article,10.1145/3631519,82–90,May,Commun. ACM,0001-0782,6,67.0,June 2024,
CCSW '24,"Salt Lake City, UT, USA","ci/cd, cloud, cnn-lstm, deep learning, security",10.0,,Proceedings of the 2024 on Cloud Computing Security Workshop,10.1145/3689938.3694779,https://doi.org/10.1145/3689938.3694779,"New York, NY, USA",Association for Computing Machinery,9798400712340.0,2024,Advancing Software Security and Reliability in Cloud Platforms through AI-based Anomaly Detection,"Saleh, Sabbir M. and Sayem, Ibrahim Mohammed and Madhavji, Nazim and Steinbacher, John",inproceedings,10.1145/3689938.3694779,43–52,,,,,,,
,,"Microservice architecture, microservice security, software architecture metrics, software architecture detectors",34.0,16.0,,10.1145/3532183,https://doi.org/10.1145/3532183,"New York, NY, USA",Association for Computing Machinery,,2023,"Microservice Security Metrics for Secure Communication, Identity Management, and Observability","Zdun, Uwe and Queval, Pierre-Jean and Simhandl, Georg and Scandariato, Riccardo and Chakravarty, Somik and Jelic, Marjan and Jovanovic, Aleksandar",article,10.1145/3532183,,February,ACM Trans. Softw. Eng. Methodol.,1049-331X,1,32.0,January 2023,
,,,6.0,,,10.1145/3173553,https://doi.org/10.1145/3173553,"New York, NY, USA",Association for Computing Machinery,,2018,"Continuous delivery sounds great, but will it work here?","Humble, Jez",article,10.1145/3173553,34–39,March,Commun. ACM,0001-0782,4,61.0,April 2018,
SBES '23,"Campo Grande, Brazil","continuous delivery, continuous deployment, continuous integration, continuous software engineering, rapid review",10.0,,Proceedings of the XXXVII Brazilian Symposium on Software Engineering,10.1145/3613372.3613390,https://doi.org/10.1145/3613372.3613390,"New York, NY, USA",Association for Computing Machinery,9798400707872.0,2023,Empirical evidence on technical challenges when adopting continuous practices,"Portela, Andr\'{e} and de Fran\c{c}a, Breno Bernard Nicolau",inproceedings,10.1145/3613372.3613390,11–20,,,,,,,
,,,20.0,,,10.1145/3178368.3190610,https://doi.org/10.1145/3178368.3190610,"New York, NY, USA",Association for Computing Machinery,,2017,"Continuous Delivery Sounds Great, but Will It Work Here? It’s not magic, it just requires continuous, daily improvement at all levels.","Humble, Jez",article,10.1145/3178368.3190610,57–76,December,Queue,1542-7730,6,15.0,November-December 2017,
ARES '20,"Virtual Event, Ireland","goal-question-metric approach, information security metrics, security management success factors, systematic literature review",10.0,98.0,"Proceedings of the 15th International Conference on Availability, Reliability and Security",10.1145/3407023.3407059,https://doi.org/10.1145/3407023.3407059,"New York, NY, USA",Association for Computing Machinery,9781450388337.0,2020,SoK: linking information security metrics to management success factors,"Diesch, Rainer and Krcmar, Helmut",inproceedings,10.1145/3407023.3407059,,,,,,,,
WikiSym '13,"Hong Kong, China",,10.0,15.0,Proceedings of the 9th International Symposium on Open Collaboration,10.1145/2491055.2491070,https://doi.org/10.1145/2491055.2491070,"New York, NY, USA",Association for Computing Machinery,9781450318525.0,2013,Security of public continuous integration services,"Gruhn, Volker and Hannebauer, Christoph and John, Christian",inproceedings,10.1145/2491055.2491070,,,,,,,,
ICSE-SEET '24,"Lisbon, Portugal","DevOps, CI/CD, industry, academy, software engineering, education, tools, environment",11.0,,Proceedings of the 46th International Conference on Software Engineering: Software Engineering Education and Training,10.1145/3639474.3640071,https://doi.org/10.1145/3639474.3640071,"New York, NY, USA",Association for Computing Machinery,9798400704987.0,2024,Introducing Computer Science Undergraduate Students to DevOps Technologies from Software Engineering Fundamentals,"Sarmiento-Calisaya, Edgar and Mamani-Aliaga, Alvaro and Leite, Julio Cesar Sampaio Do Prado",inproceedings,10.1145/3639474.3640071,348–358,,,,,,,
ECBS 2021,"Novi Sad, Serbia","CI/CD, QA, autonomous vehicles, moral questions, software",10.0,16.0,7th Conference on the Engineering of Computer Based Systems,10.1145/3459960.3459972,https://doi.org/10.1145/3459960.3459972,"New York, NY, USA",Association for Computing Machinery,9781450390576.0,2021,An overview of the challenges for developing software within the field of autonomous vehicles,"Daki\'{c}, Pavle and \'{Z}ivkovi\'{c}, Miodrag",inproceedings,10.1145/3459960.3459972,,,,,,,,
EASE '23,"Oulu, Finland","DevOps, DevOps maturity model, DevOps practices, Software development methods",6.0,,Proceedings of the 27th International Conference on Evaluation and Assessment in Software Engineering,10.1145/3593434.3594241,https://doi.org/10.1145/3593434.3594241,"New York, NY, USA",Association for Computing Machinery,9798400700446.0,2023,Prioritization of DevOps Maturity models using Fuzzy TOPSIS,"Kumar, Ankur and Nadeem, Mohammad and Shameem, Mohammad",inproceedings,10.1145/3593434.3594241,438–443,,,,,,,
SIGITE '20,"Virtual Event, USA","CI/CD, agile, app development, containers, full stack, interdisciplinary, opensource, research, rest API",7.0,,Proceedings of the 21st Annual Conference on Information Technology Education,10.1145/3368308.3415377,https://doi.org/10.1145/3368308.3415377,"New York, NY, USA",Association for Computing Machinery,9781450370455.0,2020,The Necessity of Interdisciplinary Software Development for Building Viable Research Platforms: Case Study in Automated Drug Delivery in Diabetes,"Hajek, Jeremy and Rashid, Mudassir and Sevil, Mert and Cinar, Ali and Alvarez Fernandez, Pablo Angel and Jain, Dhiraj",inproceedings,10.1145/3368308.3415377,390–396,,,,,,,
ICPE '23 Companion,"Coimbra, Portugal","DAST, DevOps, DevSecOps, IaC, SAST, machine learning, natural language processing, self-supervised learning",5.0,,Companion of the 2023 ACM/SPEC International Conference on Performance Engineering,10.1145/3578245.3584943,https://doi.org/10.1145/3578245.3584943,"New York, NY, USA",Association for Computing Machinery,9798400700729.0,2023,Security in DevSecOps: Applying Tools and Machine Learning to Verification and Monitoring Steps,"Cankar, Matija and Petrovic, Nenad and Pita Costa, Joao and Cernivec, Ales and Antic, Jan and Martincic, Tomaz and Stepec, Dejan",inproceedings,10.1145/3578245.3584943,201–205,,,,,,,
MODELS Companion '24,"Linz, Austria","low code development, modeling, recommenders, security, devops, devsecops",9.0,,Proceedings of the ACM/IEEE 27th International Conference on Model Driven Engineering Languages and Systems,10.1145/3652620.3688335,https://doi.org/10.1145/3652620.3688335,"New York, NY, USA",Association for Computing Machinery,9798400706226.0,2024,Towards LowDevSecOps Framework for Low-Code Development: Integrating Process-Oriented Recommendations for Security Risk Management,"Sedrakyan, Gayane and Iacob, Maria-Eugenia and Van Hillegersberg, Jos",inproceedings,10.1145/3652620.3688335,886–894,,,,,,,
ICSSP '22,"Pittsburgh, PA, USA","Agile, DevSecOps, software development, software engineering",5.0,,Proceedings of the International Conference on Software and System Processes and International Conference on Global Software Engineering,10.1145/3529320.3529329,https://doi.org/10.1145/3529320.3529329,"New York, NY, USA",Association for Computing Machinery,9781450396745.0,2022,Revelations from an Agile and DevSecOps Transformation in a Large Organization: An Experiential Case Study,"Scanlon, Thomas and Morales, Jose",inproceedings,10.1145/3529320.3529329,77–81,,,,,,,
WoC '21,"Virtual Event, Canada","CyberSecurity, DevSecOps, Software Bill-of-Material, Supply Chain Security",6.0,,Proceedings of the Seventh International Workshop on Container Technologies and Container Clouds,10.1145/3493649.3493655,https://doi.org/10.1145/3493649.3493655,"New York, NY, USA",Association for Computing Machinery,9781450391719.0,2021,tapiser\'{\i}: Blueprint to modernize DevSecOps for real world,"Nadgowda, Shripad and Luan, Laura",inproceedings,10.1145/3493649.3493655,13–18,,,,,,,
FSE Companion '25,"Clarion Hotel Trondheim, Trondheim, Norway","software development practice, software framework, software security, security outcome, software supply chain attack",9.0,,Proceedings of the 33rd ACM International Conference on the Foundations of Software Engineering,10.1145/3696630.3734200,https://doi.org/10.1145/3696630.3734200,"New York, NY, USA",Association for Computing Machinery,9798400712760.0,2025,Can the Rising Tide of Software Supply Chain Attacks Raise All Software Engineering Boats?,"Williams, Laurie and Hamer, Sivana and Zahan, Nusrat",inproceedings,10.1145/3696630.3734200,18–26,,,,,,,
,,"Software security, Software supply chain security, Open source security",38.0,146.0,,10.1145/3714464,https://doi.org/10.1145/3714464,"New York, NY, USA",Association for Computing Machinery,,2025,Research Directions in Software Supply Chain Security,"Williams, Laurie and Benedetti, Giacomo and Hamer, Sivana and Paramitha, Ranindya and Rahman, Imranur and Tamanna, Mahzabin and Tystahl, Greg and Zahan, Nusrat and Morrison, Patrick and Acar, Yasemin and Cukier, Michel and K\""{a}stner, Christian and Kapravelos, Alexandros and Wermke, Dominik and Enck, William",article,10.1145/3714464,,May,ACM Trans. Softw. Eng. Methodol.,1049-331X,5,34.0,June 2025,
RCoSE '18,"Gothenburg, Sweden","rapid continuous code reuse, rapid continuous integration, test-driven development, test-driven reuse, test-driven search",4.0,,Proceedings of the 4th International Workshop on Rapid Continuous Software Engineering,10.1145/3194760.3194761,https://doi.org/10.1145/3194760.3194761,"New York, NY, USA",Association for Computing Machinery,9781450357456.0,2018,"Integrating reuse into the rapid, continuous software engineering cycle through test-driven search","Kessel, Marcus and Atkinson, Colin",inproceedings,10.1145/3194760.3194761,8–11,,,,,,,
CSIIRW '09,"Oak Ridge, Tennessee, USA","SELinux, information flow security, information flow specification, media pipeline security, type enforcement",4.0,66.0,Proceedings of the 5th Annual Workshop on Cyber Security and Information Intelligence Research: Cyber Security and Information Intelligence Challenges and Strategies,10.1145/1558607.1558683,https://doi.org/10.1145/1558607.1558683,"New York, NY, USA",Association for Computing Machinery,9781605585185.0,2009,A pipeline development toolkit in support of secure information flow goals,"Tricca, Philip",inproceedings,10.1145/1558607.1558683,,,,,,,,
,,"non-functional requirements, open-source systems, social metrics",22.0,24.0,,10.1145/3643750,https://doi.org/10.1145/3643750,"New York, NY, USA",Association for Computing Machinery,,2024,Understanding Developers’ Discussions and Perceptions on Non-functional Requirements: The Case of the Spring Ecosystem,"Oliveira, Anderson and Correia, Jo\~{a}o and Assun\c{c}\~{a}o, Wesley K. G. and Pereira, Juliana Alves and de Mello, Rafael and Coutinho, Daniel and Barbosa, Caio and Lib\'{o}rio, Paulo and Garcia, Alessandro",article,10.1145/3643750,,July,Proc. ACM Softw. Eng.,,FSE,1.0,July 2024,
SAC '19,"Limassol, Cyprus","attack graph generation, containers, microservices",8.0,,Proceedings of the 34th ACM/SIGAPP Symposium on Applied Computing,10.1145/3297280.3297401,https://doi.org/10.1145/3297280.3297401,"New York, NY, USA",Association for Computing Machinery,9781450359337.0,2019,Attack graph generation for microservice architecture,"Ibrahim, Amjad and Bozhinoski, Stevica and Pretschner, Alexander",inproceedings,10.1145/3297280.3297401,1235–1242,,,,,,,
ICDCN '25,,"Energy-efficient software development, Green software development lifecycle (SDLC), Open-source library profiling, Sustainable software engineering",6.0,,Proceedings of the 26th International Conference on Distributed Computing and Networking,10.1145/3700838.3703670,https://doi.org/10.1145/3700838.3703670,"New York, NY, USA",Association for Computing Machinery,9798400710629.0,2025,Advancing Carbon-Efficient Software Development: A Sustainable Path Forward,"Gupta, Sagar and Gupta, Aman",inproceedings,10.1145/3700838.3703670,325–330,,,,,,,
SIN '09,"Famagusta, North Cyprus","actuator, secure routing, sensor",1.0,,Proceedings of the 2nd International Conference on Security of Information and Networks,10.1145/1626195.1626222,https://doi.org/10.1145/1626195.1626222,"New York, NY, USA",Association for Computing Machinery,9781605584126.0,2009,Deployed sensor networks and their security challenges in practice,"\c{C}ayirci, Erdal",inproceedings,10.1145/1626195.1626222,104,,,,,,,
DEAI '25,,"Chinese higher education institutions, Deep Learning TensorFlow, DevOps development Process, Vocational Skills Certification System",6.0,,Proceedings of the 2nd Guangdong-Hong Kong-Macao Greater Bay Area International Conference on Digital Economy and Artificial Intelligence,10.1145/3745238.3745388,https://doi.org/10.1145/3745238.3745388,"New York, NY, USA",Association for Computing Machinery,9798400712791.0,2025,Practice of Integrating TensorFlow and DevOps in the Development of Vocational Skill Level Certification System in Chinese Higher Education Institutions,"Li, Jianzhong and Zhou, Xiaochuan and Wan, Qiang and Wang, Shichang and Ma, Wenjuan",inproceedings,10.1145/3745238.3745388,958–963,,,,,,,
DMIT '25,,"Front-end optimization, Independent deployment, Micro-frontend architecture, Modularization, Web application scalability",6.0,,Proceedings of the 2025 International Conference on Digital Management and Information Technology,10.1145/3736426.3736512,https://doi.org/10.1145/3736426.3736512,"New York, NY, USA",Association for Computing Machinery,9798400714238.0,2025,Analysis and research on computer website front-end development technology and optimization measures,"Chen, Weiwei",inproceedings,10.1145/3736426.3736512,561–566,,,,,,,
ICSE '21,"Virtual Event, Spain","DevOps, maturity model, software development",3.0,,Proceedings of the 43rd International Conference on Software Engineering: Companion Proceedings,10.1109/ICSE-Companion52605.2021.00124,https://doi.org/10.1109/ICSE-Companion52605.2021.00124,,IEEE Press,,2021,A proposal to systematize introducing DevOps into the software development process,"de Aguiar Monteiro, Luciano",inproceedings,10.1109/ICSE-Companion52605.2021.00124,269–271,,,,,,,
HoTSoS '18,"Raleigh, North Carolina","AWS, cloud, cybersecurity, devops, risk management, security, trust",8.0,11.0,Proceedings of the 5th Annual Symposium and Bootcamp on Hot Topics in the Science of Security,10.1145/3190619.3190642,https://doi.org/10.1145/3190619.3190642,"New York, NY, USA",Association for Computing Machinery,9781450364553.0,2018,Building a virtually air-gapped secure environment in AWS: with principles of devops security program and secure software delivery,"Zheng, Erkang and Gates-Idem, Phil and Lavin, Matt",inproceedings,10.1145/3190619.3190642,,,,,,,,
ESEM '21,"Bari, Italy","DevOps, Security Tools, Thematic Analysis, Webinars",12.0,6.0,Proceedings of the 15th ACM / IEEE International Symposium on Empirical Software Engineering and Measurement (ESEM),10.1145/3475716.3475776,https://doi.org/10.1145/3475716.3475776,"New York, NY, USA",Association for Computing Machinery,9781450386654.0,2021,An Empirical Analysis of Practitioners' Perspectives on Security Tool Integration into DevOps,"Rajapakse, Roshan Namal and Zahedi, Mansooreh and Babar, Muhammad Ali",inproceedings,10.1145/3475716.3475776,,,,,,,,
,"Salt Lake City, UT, USA",,,,,,,"New York, NY, USA",Association for Computing Machinery,9798400712340.0,2024,CCSW '24: Proceedings of the 2024 on Cloud Computing Security Workshop,,proceedings,10.1145/3689938,,,,,,,,
,,"Infrastructure as code, modeling, best practices, controlled experiment, empirical software engineering",37.0,6.0,,10.1145/3691630,https://doi.org/10.1145/3691630,"New York, NY, USA",Association for Computing Machinery,,2024,On the Understandability of Design-Level Security Practices in Infrastructure-as-Code Scripts and Deployment Architectures,"Ntentos, Evangelos and Lueger, Nicole Elisabeth and Simhandl, Georg and Zdun, Uwe and Schneider, Simon and Scandariato, Riccardo and D\'{\i}az Ferreyra, Nicol\'{a}s E.",article,10.1145/3691630,,December,ACM Trans. Softw. Eng. Methodol.,1049-331X,1,34.0,January 2025,
MECC '25,"Rotterdam, Netherlands","Edge-cloud Continuum, Kubernetes, Risk Analysis, Security",6.0,,Proceedings of the 2nd International Workshop on MetaOS for the Cloud-Edge-IoT Continuum,10.1145/3721889.3721924,https://doi.org/10.1145/3721889.3721924,"New York, NY, USA",Association for Computing Machinery,9798400715600.0,2025,An evaluation of commonly used Kubernetes security scanning tools,"Kapetanidou, Ioanna Angeliki and Nizamis, Alexandros and Votis, Konstantinos",inproceedings,10.1145/3721889.3721924,20–25,,,,,,,
EuroPLop '22,"Irsee, Germany","countermeasures, data, machine learning, security pattern, threats",12.0,30.0,Proceedings of the 27th European Conference on Pattern Languages of Programs,10.1145/3551902.3565070,https://doi.org/10.1145/3551902.3565070,"New York, NY, USA",Association for Computing Machinery,9781450395946.0,2023,Security Patterns for Machine Learning: The Data-Oriented Stages,"Zhang, Xinrui and Jaskolka, Jason",inproceedings,10.1145/3551902.3565070,,,,,,,,
WWW '23 Companion,"Austin, TX, USA","open-source health, open-source software, quality monitoring, software security",4.0,,Companion Proceedings of the ACM Web Conference 2023,10.1145/3543873.3587336,https://doi.org/10.1145/3543873.3587336,"New York, NY, USA",Association for Computing Machinery,9781450394192.0,2023,Towards a Critical Open-Source Software Database,"Dam, Tobias and Klausner, Lukas Daniel and Neumaier, Sebastian",inproceedings,10.1145/3543873.3587336,156–159,,,,,,,
EASE '23,"Oulu, Finland",,6.0,,Proceedings of the 27th International Conference on Evaluation and Assessment in Software Engineering,10.1145/3593434.3593966,https://doi.org/10.1145/3593434.3593966,"New York, NY, USA",Association for Computing Machinery,9798400700446.0,2023,Toward Successful Secure Software Deployment: An Empirical Study,"Alghamdi, Azzah and Niazi, Mahmood",inproceedings,10.1145/3593434.3593966,487–492,,,,,,,
XP '18,"Porto, Portugal","agile, methodologies, security engineering, software engineering",9.0,3.0,Proceedings of the 19th International Conference on Agile Software Development: Companion,10.1145/3234152.3234187,https://doi.org/10.1145/3234152.3234187,"New York, NY, USA",Association for Computing Machinery,9781450364225.0,2018,Aligning security objectives with agile software development,"Rindell, Kalle and Hyrynsalmi, Sami and Lepp\""{a}nen, Ville",inproceedings,10.1145/3234152.3234187,,,,,,,,
ICIT '24,,"Hyperledger Fabric, CICD, Chaincode, Kubernetes",10.0,,Proceedings of the 2024 the 12th International Conference on Information Technology (ICIT),10.1145/3718391.3718393,https://doi.org/10.1145/3718391.3718393,"New York, NY, USA",Association for Computing Machinery,9798400717376.0,2025,ChainKode: A CICD methodology for chaincode development in Hyperledger Fabric based on Kubernetes,"Witharanage, Yasiru Rathsara and Figueroa-Lorenzo, Santiago and Mohammadzadeh, Nasibeh and Arrizabalaga, Saioa",inproceedings,10.1145/3718391.3718393,8–17,,,,,,,
,"Melbourne, Victoria, Australia",,,,,,,,IEEE Press,9798350322637.0,2023,ICSE '23: Proceedings of the 45th International Conference on Software Engineering: Companion Proceedings,,proceedings,10.5555/3606013,,,,,,,,
ICBDIE '25,,"Cloud computing, Higher vocational education, Platform design, Resource sharing",5.0,,Proceedings of the 2025 International Conference on Big Data and Informatization Education,10.1145/3729605.3729613,https://doi.org/10.1145/3729605.3729613,"New York, NY, USA",Association for Computing Machinery,9798400714405.0,2025,Design and Implementation of a Higher Vocational Education Resource Sharing Platform Based on Cloud Computing,"Wang, Ling and Du, Xiao",inproceedings,10.1145/3729605.3729613,39–43,,,,,,,
,,"Industrial Internet, industrial situational security, attack behavior, feature analysis, combinatorial optimization",20.0,8.0,,10.1145/3637554,https://doi.org/10.1145/3637554,"New York, NY, USA",Association for Computing Machinery,,2024,A Combinatorial Optimization Analysis Method for Detecting Malicious Industrial Internet Attack Behaviors,"Zhao, Kejing and Zhang, Zhiyong and Raymond Choo, Kim-Kwang and Zhang, Zhongya and Zhang, Tiantian",article,10.1145/3637554,,January,ACM Trans. Cyber-Phys. Syst.,2378-962X,1,8.0,January 2024,
ICSE-JSEET '21,"Virtual Event, Spain","Agile software development, DevOps, FOSS, OSS, education, emerging domains of software, empirical software engineering, open source, tools and environments",10.0,,Proceedings of the 43rd International Conference on Software Engineering: Joint Track on Software Engineering Education and Training,10.1109/ICSE-SEET52601.2021.00024,https://doi.org/10.1109/ICSE-SEET52601.2021.00024,,IEEE Press,9780738133201.0,2021,Qualifying software engineers undergraduates in DevOps - challenges of introducing technical and non-technical concepts in a project-oriented course,"Alves, Isaque and Rocha, Carla",inproceedings,10.1109/ICSE-SEET52601.2021.00024,144–153,,,,,,,
EASE '23,"Oulu, Finland","Challenging Factors, DevOps, DevOps manager, Mitigation strategy, Taxonomy, management challenges",8.0,,Proceedings of the 27th International Conference on Evaluation and Assessment in Software Engineering,10.1145/3593434.3594240,https://doi.org/10.1145/3593434.3594240,"New York, NY, USA",Association for Computing Machinery,9798400700446.0,2023,A Study on Management Challenges and Practices in DevOps,"Faaiz, Syed Muhammad and Khan, Saif-Ur-Rehman and Hussain, Shahid and Wang, Wen-Li and Ibrahim, Naseem",inproceedings,10.1145/3593434.3594240,430–437,,,,,,,
,,"Serverless computing, architecture design, FaaS, Lambda paradigm",34.0,220.0,,10.1145/3508360,https://doi.org/10.1145/3508360,"New York, NY, USA",Association for Computing Machinery,,2022,The Serverless Computing Survey: A Technical Primer for Design Architecture,"Li, Zijun and Guo, Linsong and Cheng, Jiagan and Chen, Quan and He, Bingsheng and Guo, Minyi",article,10.1145/3508360,,September,ACM Comput. Surv.,0360-0300,10s,54.0,January 2022,
FSE Companion '25,"Clarion Hotel Trondheim, Trondheim, Norway","hot fix, hot patch",11.0,,Proceedings of the 33rd ACM International Conference on the Foundations of Software Engineering,10.1145/3696630.3728564,https://doi.org/10.1145/3696630.3728564,"New York, NY, USA",Association for Computing Machinery,9798400712760.0,2025,"Behind the Hot Fix: Demystifying Hot Fixing Industrial Practices at Z\""{u}hlke and Beyond","Hanna, Carol and Elliman, David and Emmerich, Wolgang and Sarro, Federica and Petke, Justyna",inproceedings,10.1145/3696630.3728564,411–421,,,,,,,
ICSE-SEIP '22,"Pittsburgh, Pennsylvania","npm, software ecosystem, supply chain security, weak link signal",10.0,,Proceedings of the 44th International Conference on Software Engineering: Software Engineering in Practice,10.1145/3510457.3513044,https://doi.org/10.1145/3510457.3513044,"New York, NY, USA",Association for Computing Machinery,9781450392266.0,2022,What are weak links in the npm supply chain?,"Zahan, Nusrat and Zimmermann, Thomas and Godefroid, Patrice and Murphy, Brendan and Maddila, Chandra and Williams, Laurie",inproceedings,10.1145/3510457.3513044,331–340,,,,,,,
,"Irvine, CA, USA",,,,,,,"New York, NY, USA",Association for Computing Machinery,9798400716041.0,2025,DESTION '25: Proceedings of the 7th Workshop on Design Automation for CPS and IoT,,proceedings,10.1145/3722573,,,,,,,,
ACMSE '23,"Virtual Event, USA","telemedicine, security, privacy, analysis, survey study",9.0,,Proceedings of the 2023 ACM Southeast Conference,10.1145/3564746.3587109,https://doi.org/10.1145/3564746.3587109,"New York, NY, USA",Association for Computing Machinery,9781450399210.0,2023,A W3H2 Analysis of Security and Privacy Issues in Telemedicine: A Survey Study,"Chattopadhyay, Ankur and Ho, Thuong and Beyene, Nahom",inproceedings,10.1145/3564746.3587109,47–55,,,,,,,
DEBS '21,"Virtual Event, Italy","air quality index, data streaming, event processing",6.0,,Proceedings of the 15th ACM International Conference on Distributed and Event-Based Systems,10.1145/3465480.3467836,https://doi.org/10.1145/3465480.3467836,"New York, NY, USA",Association for Computing Machinery,9781450385558.0,2021,The DEBS 2021 grand challenge: analyzing environmental impact of worldwide lockdowns,"Tahir, Jawad and Doblander, Christoph and Mayer, Ruben and Frischbier, Sebastian and Jacobsen, Hans-Arno",inproceedings,10.1145/3465480.3467836,136–141,,,,,,,
,"Oulu, Finland",,,,,,,"New York, NY, USA",Association for Computing Machinery,9798400700446.0,2023,EASE '23: Proceedings of the 27th International Conference on Evaluation and Assessment in Software Engineering,,proceedings,10.1145/3593434,,,,,,,,
,"Ludwigsburg, Germany",,,,,,,"New York, NY, USA",Association for Computing Machinery,9798400708350.0,2023,"eSAAM '23: Proceedings of the 3rd Eclipse Security, AI, Architecture and Modelling Conference on Cloud to Edge Continuum",,proceedings,10.1145/3624486,,,,,,,,
,"Lisbon, Portugal",,,,,,,"New York, NY, USA",Association for Computing Machinery,9798400704987.0,2024,ICSE-SEET '24: Proceedings of the 46th International Conference on Software Engineering: Software Engineering Education and Training,,proceedings,10.1145/3639474,,,,,,,,
XP '18,"Porto, Portugal","CFP, FSM, KPI, SP, agile, agile metrics, agile performance indicators, customer satisfaction, defect density, lead time, performance evaluation, quality, scrum, velocity",3.0,31.0,Proceedings of the 19th International Conference on Agile Software Development: Companion,10.1145/3234152.3234156,https://doi.org/10.1145/3234152.3234156,"New York, NY, USA",Association for Computing Machinery,9781450364225.0,2018,Agile performance indicators for team performance evaluation in a corporate environment,"Ertaban, Cihangir and Sarikaya, Erkan and Bagriyanik, Selami",inproceedings,10.1145/3234152.3234156,,,,,,,,
EuroMLSys '23,"Rome, Italy","data driven networking, safe machine learning",10.0,,Proceedings of the 3rd Workshop on Machine Learning and Systems,10.1145/3578356.3592574,https://doi.org/10.1145/3578356.3592574,"New York, NY, USA",Association for Computing Machinery,9798400700842.0,2023,Illuminating the hidden challenges of data-driven CDNs,"Benson, Theophilus A",inproceedings,10.1145/3578356.3592574,94–103,,,,,,,
,"Gdansk, Poland",,,,,,,"New York, NY, USA",Association for Computing Machinery,9798400702280.0,2023,RACS '23: Proceedings of the 2023 International Conference on Research in Adaptive and Convergent Systems,,proceedings,10.1145/3599957,,,,,,,,
Middleware '17,"Las Vegas, Nevada",,7.0,,Proceedings of the 18th ACM/IFIP/USENIX Middleware Conference: Industrial Track,10.1145/3154448.3154453,https://doi.org/10.1145/3154448.3154453,"New York, NY, USA",Association for Computing Machinery,9781450352000.0,2017,"Usable declarative configuration specification and validation for applications, systems, and cloud","Baset, Salman and Suneja, Sahil and Bila, Nilton and Tuncer, Ozan and Isci, Canturk",inproceedings,10.1145/3154448.3154453,29–35,,,,,,,
IWSiB '24,"Lisbon, Portugal","agile software development, security practices, benefits, challenges, mapping study",8.0,,Proceedings of the 7th ACM/IEEE International Workshop on Software-Intensive Business,10.1145/3643690.3648241,https://doi.org/10.1145/3643690.3648241,"New York, NY, USA",Association for Computing Machinery,9798400705717.0,2024,Security Practices in Agile Software Development: A Mapping Study,"Selva-Mora, Alejandra and Quesada-L\'{o}pez, Christian",inproceedings,10.1145/3643690.3648241,56–63,,,,,,,
CCS '23,"Copenhagen, Denmark","code security, security warnings, usable security",15.0,,Proceedings of the 2023 ACM SIGSAC Conference on Computer and Communications Security,10.1145/3576915.3623174,https://doi.org/10.1145/3576915.3623174,"New York, NY, USA",Association for Computing Machinery,9798400700507.0,2023,The Effectiveness of Security Interventions on GitHub,"Fischer, Felix and H\""{o}benreich, Jonas and Grossklags, Jens",inproceedings,10.1145/3576915.3623174,2426–2440,,,,,,,
,"Salerno, Italy",,,,,,,"New York, NY, USA",Association for Computing Machinery,9798400717017.0,2024,EASE '24: Proceedings of the 28th International Conference on Evaluation and Assessment in Software Engineering,,proceedings,10.1145/3661167,,,,,,,,
FIRA '22,"Amsterdam, Netherlands","layered networking, microservices, private networking, semantic routing",6.0,,Proceedings of the ACM SIGCOMM Workshop on Future of Internet Routing &amp; Addressing,10.1145/3527974.3545716,https://doi.org/10.1145/3527974.3545716,"New York, NY, USA",Association for Computing Machinery,9781450393287.0,2022,"Namespaces, security, and network addresses","Reid, Andy and Eardley, Philip and Kutscher, Dirk",inproceedings,10.1145/3527974.3545716,31–36,,,,,,,
SSPS '19,"Beijing, China","Distributed optic-fiber sensing, adaptive filtering, convolutional neural network, image processing, oil and gas pipeline",5.0,,Proceedings of the 2019 International Symposium on Signal Processing Systems,10.1145/3364908.3364918,https://doi.org/10.1145/3364908.3364918,"New York, NY, USA",Association for Computing Machinery,9781450362412.0,2019,Signal Analysis of Distributed Optic-Fiber Sensing Used for Oil and Gas Pipeline Monitoring,"Yang, Yue and Li, Jun and Tian, Ming and Zhou, Yang and Dong, Lei and He, Jing xin",inproceedings,10.1145/3364908.3364918,21–25,,,,,,,
CHASE '24,"Lisbon, Portugal","third-party, software library, adoption process, decision pattern, open-source software, grounded theory, interview study, qualitative research",12.0,,Proceedings of the 2024 IEEE/ACM 17th International Conference on Cooperative and Human Aspects of Software Engineering,10.1145/3641822.3641865,https://doi.org/10.1145/3641822.3641865,"New York, NY, USA",Association for Computing Machinery,9798400705335.0,2024,"""How do people decide?"": A Model for Software Library Selection","Tanzil, Minaoar Hossain and Uddin, Gias and Barcomb, Ann",inproceedings,10.1145/3641822.3641865,1–12,,,,,,,
SIGMIS-CPR '25,,"Job Demands Resources (JD-R) Model, Quality Assurance (QA), Software Development Lifecycle (SDLC), Software testing, early-career professionals, qualitative thematic analysis",8.0,13.0,Proceedings of the 2025 Computers and People Research Conference,10.1145/3716489.3728443,https://doi.org/10.1145/3716489.3728443,"New York, NY, USA",Association for Computing Machinery,9798400714979.0,2025,“Not My First Choice”: Why Software Testing Struggles to Attract Early-Career Professionals,"Mulgund, Pavankumar and Singh, Raghvendra and Gillenson, Mark and Li, Yafang and Oliver, Carol",inproceedings,10.1145/3716489.3728443,,,,,,,,
,,"Threat Modeling, Embedded Systems Security, Hardware Security",,,,10.1145/3698396,https://doi.org/10.1145/3698396,"New York, NY, USA",Association for Computing Machinery,,2024,AttackDefense Framework (ADF): Enhancing IoT Devices and Lifecycles Threat Modeling,"Sacchetti, Tommaso and Bognar, Marton and De Meulemeester, Jesse and Gierlichs, Benedikt and Piessens, Frank and Bezsmertnyi, Volodymyr and Molteni, Maria Chiara and Cristalli, Stefano and Gringiani, Arianna and Thomas, Olivier and Antonioli, Daniele",article,10.1145/3698396,,October,ACM Trans. Embed. Comput. Syst.,1539-9087,,,,Just Accepted
,,"Containerization security, cloud computing, confidential computing, vulnerabilities, hardware-based security",36.0,170.0,,10.1145/3715001,https://doi.org/10.1145/3715001,"New York, NY, USA",Association for Computing Machinery,,2025,"A Container Security Survey: Exploits, Attacks, and Defenses","Jarkas, Omar and Ko, Ryan and Dong, Naipeng and Mahmud, Redowan",article,10.1145/3715001,,February,ACM Comput. Surv.,0360-0300,7,57.0,July 2025,
EASE '22,"Gothenburg, Sweden","DevBot, Empirical study, Secure programming, Software Chatbot",6.0,,Proceedings of the 26th International Conference on Evaluation and Assessment in Software Engineering,10.1145/3530019.3535307,https://doi.org/10.1145/3530019.3535307,"New York, NY, USA",Association for Computing Machinery,9781450396134.0,2022,Conversational DevBots for Secure Programming: An Empirical Study on SKF Chatbot,"Tony, Catherine and Balasubramanian, Mohana and D\'{\i}az Ferreyra, Nicol\'{a}s E. and Scandariato, Riccardo",inproceedings,10.1145/3530019.3535307,276–281,,,,,,,
,,"deployment configuration, design time, fog computing, generation, model-based engineering, modeling language, non-functional properties, verification",19.0,,,10.1145/3699839.3699841,https://doi.org/10.1145/3699839.3699841,"New York, NY, USA",Association for Computing Machinery,,2024,VeriFog: A Generic Model-based Approach for Verifying Fog Systems at Design Time and Generating Deployment Configurations,"Awad, Hiba and Alidra, Abdelghani and Bruneliere, Hugo and Ledoux, Thomas and Rivalan, Jonathan",article,10.1145/3699839.3699841,18–36,October,SIGAPP Appl. Comput. Rev.,1559-6915,3,24.0,September 2024,
CCS '23,"Copenhagen, Denmark","homomorphic encryption, lattice-based cryptography, malicious adversaries, multiparty computation",15.0,,Proceedings of the 2023 ACM SIGSAC Conference on Computer and Communications Security,10.1145/3576915.3623139,https://doi.org/10.1145/3576915.3623139,"New York, NY, USA",Association for Computing Machinery,9798400700507.0,2023,PELTA - Shielding Multiparty-FHE against Malicious Adversaries,"Chatel, Sylvain and Mouchet, Christian and Sahin, Ali Utkan and Pyrgelis, Apostolos and Troncoso, Carmela and Hubaux, Jean-Pierre",inproceedings,10.1145/3576915.3623139,711–725,,,,,,,
CSCS '23,"Darmstadt, Germany","Data visualization, Software health, Trustworthiness",9.0,1.0,Proceedings of the 7th ACM Computer Science in Cars Symposium,10.1145/3631204.3631859,https://doi.org/10.1145/3631204.3631859,"New York, NY, USA",Association for Computing Machinery,9798400704543.0,2023,Monitoring Automotive Software Security Health through Trustworthiness Score,"Sapin, Etienne and Menon, Suraj and Ge, Jingquan and Habib, Sheikh Mahbub and Heymann, Maurice and Li, Yuekang and Palige, Rene and Byman, Gabriel and Liu, Yang",inproceedings,10.1145/3631204.3631859,,,,,,,,
,"Lisbon, Portugal",,,,,,,"New York, NY, USA",Association for Computing Machinery,9798400705878.0,2024,MSR '24: Proceedings of the 21st International Conference on Mining Software Repositories,,proceedings,10.1145/3643991,,,,,,,,
IMC '24,"Madrid, Spain","code property graph, code snippets, fuzzy hashing, smart contracts",18.0,,Proceedings of the 2024 ACM on Internet Measurement Conference,10.1145/3646547.3688437,https://doi.org/10.1145/3646547.3688437,"New York, NY, USA",Association for Computing Machinery,9798400705922.0,2024,Analyzing the Impact of Copying-and-Pasting Vulnerable Solidity Code Snippets from Question-and-Answer Websites,"Weiss, Konrad and Ferreira Torres, Christof and Wendland, Florian",inproceedings,10.1145/3646547.3688437,713–730,,,,,,,
VaMoS '23,"Odense, Denmark","removing variability, software bloat, software variability",3.0,,Proceedings of the 17th International Working Conference on Variability Modelling of Software-Intensive Systems,10.1145/3571788.3571801,https://doi.org/10.1145/3571788.3571801,"New York, NY, USA",Association for Computing Machinery,9798400700019.0,2023,A Call for Removing Variability,"Acher, Mathieu and Lesoil, Luc and Randrianaina, Georges Aaron and T\""{e}rnava, Xhevahire and Zendra, Olivier",inproceedings,10.1145/3571788.3571801,82–84,,,,,,,
,,"Software Evolution, Software Migration, Re-designing, Re-engineering",35.0,142.0,,10.1145/3708527,https://doi.org/10.1145/3708527,"New York, NY, USA",Association for Computing Machinery,,2025,"Contemporary Software Modernization: Strategies, Driving Forces, and Research Opportunities","Assun\c{c}\~{a}o, Wesley K. G. and Marchezan, Luciano and Arkoh, Lawrence and Egyed, Alexander and Ramler, Rudolf",article,10.1145/3708527,,May,ACM Trans. Softw. Eng. Methodol.,1049-331X,5,34.0,June 2025,
SBSI '21,"Uberl\^{a}ndia, Brazil","Edge Devices, Information Security, Internet of Things, Security Certification, Security Compliance",9.0,47.0,Proceedings of the XVII Brazilian Symposium on Information Systems,10.1145/3466933.3466983,https://doi.org/10.1145/3466933.3466983,"New York, NY, USA",Association for Computing Machinery,9781450384919.0,2021,IoT solution information security certification conceptual framework: IoT solution information securityOn improving the transparency and accountability of IoT Solutions through an Open World perspective,"Otavio Duarte, Luiz and de Lima Prestes, Jos\'{e} Augusto",inproceedings,10.1145/3466933.3466983,,,,,,,,
,,"Cyber resilience, cyber resilience engineering framework (CREF), cybersecurity, risk management, threat modelling, and cyber-attacks",48.0,196.0,,10.1145/3649218,https://doi.org/10.1145/3649218,"New York, NY, USA",Association for Computing Machinery,,2024,"A Survey on Cyber Resilience: Key Strategies, Research Challenges, and Future Directions","Alhidaifi, Saleh Mohamed and Asghar, Muhammad Rizwan and Ansari, Imran Shafique",article,10.1145/3649218,,April,ACM Comput. Surv.,0360-0300,8,56.0,August 2024,
SBCCI '14,"Aracaju, Brazil","CEMA, CPA, Criptography, DPA, FFT, security, side-channel attacks",7.0,33.0,Proceedings of the 27th Symposium on Integrated Circuits and Systems Design,10.1145/2660540.2661001,https://doi.org/10.1145/2660540.2661001,"New York, NY, USA",Association for Computing Machinery,9781450331562.0,2014,Towards a Framework to Perform DPA Attack on GALS Pipeline Architectures,"Loder, Luciano and de Souza, Ad\~{a}o and Fay, Marcelo and Soares, Rafael",inproceedings,10.1145/2660540.2661001,,,,,,,,
,"Rotterdam, Netherlands",,,,,,,"New York, NY, USA",Association for Computing Machinery,9798400715600.0,2025,MECC '25: Proceedings of the 2nd International Workshop on MetaOS for the Cloud-Edge-IoT Continuum,,proceedings,10.1145/3721889,,,,,,,,
,"Melbourne, Australia",,,,,,,,IEEE Press,9798350300376.0,2023,ICSE-SEIP '23: Proceedings of the 45th International Conference on Software Engineering: Software Engineering in Practice,,proceedings,10.5555/3623293,,,,,,,,
ICSE-SEET '17,"Buenos Aires, Argentina","curriculum design, education, software engineering",10.0,,Proceedings of the 39th International Conference on Software Engineering: Software Engineering and Education Track,10.1109/ICSE-SEET.2017.5,https://doi.org/10.1109/ICSE-SEET.2017.5,,IEEE Press,9781538626719.0,2017,Lean learning: applying lean techniques to improve software engineering education,"Chatley, Robert and Field, Tony",inproceedings,10.1109/ICSE-SEET.2017.5,117–126,,,,,,,
ICSE '21,"Madrid, Spain","code review, security, vulnerability",13.0,,Proceedings of the 43rd International Conference on Software Engineering,10.1109/ICSE43902.2021.00124,https://doi.org/10.1109/ICSE43902.2021.00124,,IEEE Press,9781450390859.0,2021,Why Security Defects Go Unnoticed during Code Reviews? A Case-Control Study of the Chromium OS Project,"Paul, Rajshakhar and Turzo, Asif Kamal and Bosu, Amiangshu",inproceedings,10.1109/ICSE43902.2021.00124,1373–1385,,,,,,,
EASE '20,"Trondheim, Norway","Quality requirement, agile software development, documentation, non-functional requirements",10.0,,Proceedings of the 24th International Conference on Evaluation and Assessment in Software Engineering,10.1145/3383219.3383245,https://doi.org/10.1145/3383219.3383245,"New York, NY, USA",Association for Computing Machinery,9781450377317.0,2020,Documentation of Quality Requirements in Agile Software Development,"Behutiye, Woubshet and Sepp\""{a}nen, Pertti and Rodr\'{\i}guez, Pilar and Oivo, Markku",inproceedings,10.1145/3383219.3383245,250–259,,,,,,,
EASE '20,"Trondheim, Norway","Classical grounded theory, Security concerns, hypothetical framework",6.0,,Proceedings of the 24th International Conference on Evaluation and Assessment in Software Engineering,10.1145/3383219.3383285,https://doi.org/10.1145/3383219.3383285,"New York, NY, USA",Association for Computing Machinery,9781450377317.0,2020,Towards a Hypothetical Framework to Secure DevOps Adoption: Grounded Theory Approach,"Rafi, Saima and Yu, Wu and Akbar, Muhammad Azeem",inproceedings,10.1145/3383219.3383285,457–462,,,,,,,
BotSE '22,"Pittsburgh, Pennsylvania","FastText, GitBot, classification, custom label, issue report",5.0,,Proceedings of the Fourth International Workshop on Bots in Software Engineering,10.1145/3528228.3528404,https://doi.org/10.1145/3528228.3528404,"New York, NY, USA",Association for Computing Machinery,9781450393331.0,2022,Classifying issues into custom labels in GitBot,"Park, Doje and Cho, Heetae and Lee, Seonah",inproceedings,10.1145/3528228.3528404,28–32,,,,,,,
UCC '17,"Austin, Texas, USA","cloud native applications, microservices, security assessment, vulnerability detection",10.0,,Proceedings of The10th International Conference on Utility and Cloud Computing,10.1145/3147213.3147229,https://doi.org/10.1145/3147213.3147229,"New York, NY, USA",Association for Computing Machinery,9781450351492.0,2017,Integrating Continuous Security Assessments in Microservices and Cloud Native Applications,"Torkura, Kennedy A. and Sukmana, Muhammad I.H. and Meinel, Christoph",inproceedings,10.1145/3147213.3147229,171–180,,,,,,,
,,"Quality model, quality characteristics, measure, ISO, qualimetry",41.0,9.0,,10.1145/3691642,https://doi.org/10.1145/3691642,"New York, NY, USA",Association for Computing Machinery,,2024,An Operational Quality Model of Embedded Software Aligned with ISO 25000,"Argotti, Yann and Kenfaoui, Yasmine and Baron, Claude and Abran, Alain and Esteban, Philippe",article,10.1145/3691642,,November,ACM Trans. Embed. Comput. Syst.,1539-9087,1,24.0,January 2025,
HoTSoS,"Hanover, MD, USA",,10.0,,Proceedings of the Hot Topics in Science of Security: Symposium and Bootcamp,10.1145/3055305.3055312,https://doi.org/10.1145/3055305.3055312,"New York, NY, USA",Association for Computing Machinery,9781450352741.0,2017,Surveying Security Practice Adherence in Software Development,"Morrison, Patrick and Smith, Benjamin H. and Williams, Laurie",inproceedings,10.1145/3055305.3055312,85–94,,,,,,,
,"Rochester, MI, USA",,,,,,,"New York, NY, USA",Association for Computing Machinery,9781450394758.0,2022,ASE '22: Proceedings of the 37th IEEE/ACM International Conference on Automated Software Engineering,,proceedings,10.1145/3551349,,,,,,,,
ICSE '23,"Melbourne, Victoria, Australia","secure coding, security compliance",13.0,,Proceedings of the 45th International Conference on Software Engineering,10.1109/ICSE48619.2023.00140,https://doi.org/10.1109/ICSE48619.2023.00140,,IEEE Press,9781665457019.0,2023,Measuring Secure Coding Practice and Culture: A Finger Pointing at the Moon is Not the Moon,"Ryan, Ita and Roedig, Utz and Stol, Klaas-Jan",inproceedings,10.1109/ICSE48619.2023.00140,1622–1634,,,,,,,
ARES '22,"Vienna, Austria",,8.0,75.0,"Proceedings of the 17th International Conference on Availability, Reliability and Security",10.1145/3538969.3544477,https://doi.org/10.1145/3538969.3544477,"New York, NY, USA",Association for Computing Machinery,9781450396707.0,2022,"Demonstration of alignment of the Pan-European Cybersecurity Incidents Information Sharing Platform to Cybersecurity policy, regulatory and legislative advancements","Skias, Dimitrios and Tsekeridou, Sofia and Zahariadis, Theodore and Voulkidis, Artemis and Velivassaki, Terpsichori-Helen",inproceedings,10.1145/3538969.3544477,,,,,,,,
ASSE '21,"Macau, Macao","Collaboration in software development, Global Software maintenance, challenges of development, design of interface, industry experience, project organization, testing",7.0,,2021 2nd Asia Service Sciences and Software Engineering Conference,10.1145/3456126.3456144,https://doi.org/10.1145/3456126.3456144,"New York, NY, USA",Association for Computing Machinery,9781450389082.0,2021,Challenges in the Development of a Global Software User Interface by Multicultural Teams: an Industrial Experience,"Penha-Junior, Agnaldo O. and De Souza, Carlos E. and Souza, Guibson M. and Araujo, Jaqueline S. and Vilarouca-Filho, Jos\'{e} Ivan B. and Barroso, Leon M. and Fernandes, Rodrigo j. B. and Fonseca, Paulo Cesar R. and Giuntini, Felipe T.",inproceedings,10.1145/3456126.3456144,41–47,,,,,,,
,"Avila, Spain",,,,,,,"New York, NY, USA",Association for Computing Machinery,9798400702433.0,2024,SAC '24: Proceedings of the 39th ACM/SIGAPP Symposium on Applied Computing,,proceedings,10.1145/3605098,,,,,,,,
ICSE '18,"Gothenburg, Sweden",,12.0,,Proceedings of the 40th International Conference on Software Engineering,10.1145/3180155.3180209,https://doi.org/10.1145/3180155.3180209,"New York, NY, USA",Association for Computing Machinery,9781450356381.0,2018,Adding sparkle to social coding: an empirical study of repository badges in the npm ecosystem,"Trockman, Asher and Zhou, Shurui and K\""{a}stner, Christian and Vasilescu, Bogdan",inproceedings,10.1145/3180155.3180209,511–522,,,,,,,
HotOS '17,"Whistler, BC, Canada",,7.0,,Proceedings of the 16th Workshop on Hot Topics in Operating Systems,10.1145/3102980.3102991,https://doi.org/10.1145/3102980.3102991,"New York, NY, USA",Association for Computing Machinery,9781450350686.0,2017,A Clairvoyant Approach to Evaluating Software (In)Security,"Jain, Bhushan and Tsai, Chia-Che and Porter, Donald E.",inproceedings,10.1145/3102980.3102991,62–68,,,,,,,
EASE '22,"Gothenburg, Sweden","Qualitative Analysis, Software Engineering, Software Engineering Education, Software Quality, Static Code Analysis",10.0,,Proceedings of the 26th International Conference on Evaluation and Assessment in Software Engineering,10.1145/3530019.3530036,https://doi.org/10.1145/3530019.3530036,"New York, NY, USA",Association for Computing Machinery,9781450396134.0,2022,Evaluating Code Improvements in Software Quality Course Projects,"Chren, Stanislav and Mac\'{a}k, Martin and Rossi, Bruno and Buhnova, Barbora",inproceedings,10.1145/3530019.3530036,160–169,,,,,,,
eSAAM '23,"Ludwigsburg, Germany","Containerization, Containers, Unikernels, Virtualization",10.0,,"Proceedings of the 3rd Eclipse Security, AI, Architecture and Modelling Conference on Cloud to Edge Continuum",10.1145/3624486.3624492,https://doi.org/10.1145/3624486.3624492,"New York, NY, USA",Association for Computing Machinery,9798400708350.0,2023,"Unikernels Motivations, Benefits and Issues: A Multivocal Literature Review","El Ioini, Nabil and El Majjodi, Ayoub and Hastbacka, David and Cerny, Tomas and Taibi, Davide",inproceedings,10.1145/3624486.3624492,39–48,,,,,,,
,,,,,,,,"New York, NY, USA",Association for Computing Machinery,9798400717406.0,2024,LADC '24: Proceedings of the 13th Latin-American Symposium on Dependable and Secure Computing,,proceedings,10.1145/3697090,,,,,,,,
ICSE-SEIP '20,"Seoul, South Korea","SGX, privacy-preserving computation, rust, software supply chain, third-party library",10.0,,Proceedings of the ACM/IEEE 42nd International Conference on Software Engineering: Software Engineering in Practice,10.1145/3377813.3381348,https://doi.org/10.1145/3377813.3381348,"New York, NY, USA",Association for Computing Machinery,9781450371230.0,2020,Building and maintaining a third-party library supply chain for productive and secure SGX enclave development,"Wang, Pei and Ding, Yu and Sun, Mingshen and Wang, Huibo and Li, Tongxin and Zhou, Rundong and Chen, Zhaofeng and Jing, Yiming",inproceedings,10.1145/3377813.3381348,100–109,,,,,,,
,"Lisbon, Portugal",,,,,,,"New York, NY, USA",Association for Computing Machinery,9798400702174.0,2024,ICSE '24: Proceedings of the IEEE/ACM 46th International Conference on Software Engineering,,proceedings,10.1145/3597503,,,,,,,,
,"Campo Grande, Brazil",,,,,,,"New York, NY, USA",Association for Computing Machinery,9798400707872.0,2023,SBES '23: Proceedings of the XXXVII Brazilian Symposium on Software Engineering,,proceedings,10.1145/3613372,,,,,,,,
CHI '20,"Honolulu, HI, USA","cryptographic apis, developer console, focus groups, participatory design, security warning design, software development",13.0,,Proceedings of the 2020 CHI Conference on Human Factors in Computing Systems,10.1145/3313831.3376142,https://doi.org/10.1145/3313831.3376142,"New York, NY, USA",Association for Computing Machinery,9781450367080.0,2020,Listen to Developers! A Participatory Design Study on Security Warnings for Cryptographic APIs,"Gorski, Peter Leo and Acar, Yasemin and Lo Iacono, Luigi and Fahl, Sascha",inproceedings,10.1145/3313831.3376142,1–13,,,,,,,
,"Lisbon, Portugal",,,,,,,"New York, NY, USA",Association for Computing Machinery,9798400705335.0,2024,CHASE '24: Proceedings of the 2024 IEEE/ACM 17th International Conference on Cooperative and Human Aspects of Software Engineering,,proceedings,10.1145/3641822,,,,,,,,
,,,,,,,,"New York, NY, USA",Association for Computing Machinery,9798400717772.0,2024,SBQS '24: Proceedings of the XXIII Brazilian Symposium on Software Quality,,proceedings,10.1145/3701625,,,,,,,,
,,"Exploitability, software vulnerability",41.0,205.0,,10.1145/3648610,https://doi.org/10.1145/3648610,"New York, NY, USA",Association for Computing Machinery,,2024,A Survey on Software Vulnerability Exploitability Assessment,"Elder, Sarah and Rahman, Md Rayhanur and Fringer, Gage and Kapoor, Kunal and Williams, Laurie",article,10.1145/3648610,,April,ACM Comput. Surv.,0360-0300,8,56.0,August 2024,
ASE '18,"Montpellier, France","Android, linters, performance, static analysis",11.0,,Proceedings of the 33rd ACM/IEEE International Conference on Automated Software Engineering,10.1145/3238147.3238197,https://doi.org/10.1145/3238147.3238197,"New York, NY, USA",Association for Computing Machinery,9781450359375.0,2018,On adopting linters to deal with performance concerns in Android apps,"Habchi, Sarra and Blanc, Xavier and Rouvoy, Romain",inproceedings,10.1145/3238147.3238197,6–16,,,,,,,
MODELS '20,"Virtual Event, Canada","automation, design flaw detection, empirical software engineering, secure design, security flaw, security-by-design",11.0,,Proceedings of the 23rd ACM/IEEE International Conference on Model Driven Engineering Languages and Systems,10.1145/3365438.3410954,https://doi.org/10.1145/3365438.3410954,"New York, NY, USA",Association for Computing Machinery,9781450370196.0,2020,Automating the early detection of security design flaws,"Tuma, Katja and Sion, Laurens and Scandariato, Riccardo and Yskout, Koen",inproceedings,10.1145/3365438.3410954,332–342,,,,,,,
,,"Reconfiguration, software adaptation, component-based software engineering, formal methods, verification",37.0,2.0,,10.1145/3595376,https://doi.org/10.1145/3595376,"New York, NY, USA",Association for Computing Machinery,,2023,Component-based Distributed Software Reconfiguration:A Verification-oriented Survey,"Coullon, H\'{e}l\'{e}ne and Henrio, Ludovic and Loulergue, Fr\'{e}d\'{e}ric and Robillard, Simon",article,10.1145/3595376,,August,ACM Comput. Surv.,0360-0300,1,56.0,January 2024,
,"Lisbon, Portugal",,,,,,,"New York, NY, USA",Association for Computing Machinery,9798400705021.0,2024,ICSE-Companion '24: Proceedings of the 2024 IEEE/ACM 46th International Conference on Software Engineering: Companion Proceedings,,proceedings,10.1145/3639478,,,,,,,,
,"Lisbon, Portugal",,,,,,,"New York, NY, USA",Association for Computing Machinery,9798400705724.0,2024,RAIE '24: Proceedings of the 2nd International Workshop on Responsible AI Engineering,,proceedings,10.1145/3643691,,,,,,,,
,"Melbourne, VIC, Australia",,,,,,,"New York, NY, USA",Association for Computing Machinery,9798400700989.0,2023,ASIA CCS '23: Proceedings of the 2023 ACM Asia Conference on Computer and Communications Security,,proceedings,10.1145/3579856,,,,,,,,
,,,,,,,,"New York, NY, USA",Association for Computing Machinery,9798400709050.0,2023,ICEA '23: Proceedings of the 2023 International Conference on Intelligent Computing and Its Emerging Applications,,proceedings,10.1145/3659154,,,,,,,,
,"Irsee, Germany",,,,,,,"New York, NY, USA",Association for Computing Machinery,9781450395946.0,2022,EuroPLop '22: Proceedings of the 27th European Conference on Pattern Languages of Programs,,proceedings,10.1145/3551902,,,,,,,,
,"Pittsburgh, Pennsylvania",,,,,,,"New York, NY, USA",Association for Computing Machinery,9781450393348.0,2022,SESoS '22: Proceedings of the 10th IEEE/ACM International Workshop on Software Engineering for Systems-of-Systems and Software Ecosystems,,proceedings,10.1145/3528229,,,,,,,,
SBCARS '19,"Salvador, Brazil","Architectural Pattern, Architectural Style, Interoperability, Software Architecture, Tactic, Typology",10.0,,"Proceedings of the XIII Brazilian Symposium on Software Components, Architectures, and Reuse",10.1145/3357141.3357144,https://doi.org/10.1145/3357141.3357144,"New York, NY, USA",Association for Computing Machinery,9781450376372.0,2019,A Typology of Architectural Strategies for Interoperability,"Valle, Pedro Henrique Dias and Garc\'{e}s, Lina and Nakagawa, Elisa Yumi",inproceedings,10.1145/3357141.3357144,3–12,,,,,,,
,,,,,,,,"New York, NY, USA",Association for Computing Machinery,9798400717376.0,2024,ICIT '24: Proceedings of the 2024 the 12th International Conference on Information Technology (ICIT),,proceedings,10.1145/3718391,,,,,,,,
,"Pittsburgh, Pennsylvania",,,,,,,"New York, NY, USA",Association for Computing Machinery,9781450392907.0,2022,EnCyCriS '22: Proceedings of the 3rd International Workshop on Engineering and Cybersecurity of Critical Systems,,proceedings,10.1145/3524489,,,,,,,,
PROMISE'18,"Oulu, Finland",,10.0,,Proceedings of the 14th International Conference on Predictive Models and Data Analytics in Software Engineering,10.1145/3273934.3273937,https://doi.org/10.1145/3273934.3273937,"New York, NY, USA",Association for Computing Machinery,9781450365932.0,2018,An Empirical Study of Metric-based Comparisons of Software Libraries,"de la Mora, Fernando L\'{o}pez and Nadi, Sarah",inproceedings,10.1145/3273934.3273937,22–31,,,,,,,
,"Vienna, Austria",,,,,,,"New York, NY, USA",Association for Computing Machinery,9781450396707.0,2022,"ARES '22: Proceedings of the 17th International Conference on Availability, Reliability and Security",,proceedings,10.1145/3538969,,,,,,,,
,"Kuantan, Malaysia",,,,,,,"New York, NY, USA",Association for Computing Machinery,9781450398589.0,2023,ICSCA '23: Proceedings of the 2023 12th International Conference on Software and Computer Applications,,proceedings,10.1145/3587828,,,,,,,,
,"San Francisco, CA, USA",,,,,,,"New York, NY, USA",Association for Computing Machinery,9798400703270.0,2023,ESEC/FSE 2023: Proceedings of the 31st ACM Joint European Software Engineering Conference and Symposium on the Foundations of Software Engineering,,proceedings,10.1145/3611643,,,,,,,,
,"Vienna, Austria",,,,,,,"New York, NY, USA",Association for Computing Machinery,9798400717185.0,2024,"ARES '24: Proceedings of the 19th International Conference on Availability, Reliability and Security",,proceedings,10.1145/3664476,,,,,,,,
,"Virtual Event, Brazil",,,,,,,"New York, NY, USA",Association for Computing Machinery,9781450397353.0,2022,SBES '22: Proceedings of the XXXVI Brazilian Symposium on Software Engineering,,proceedings,10.1145/3555228,,,,,,,,
FoSER '10,"Santa Fe, New Mexico, USA","compositional analysis, incremental analysis, non-functional analysis",6.0,,Proceedings of the FSE/SDP Workshop on Future of Software Engineering Research,10.1145/1882362.1882444,https://doi.org/10.1145/1882362.1882444,"New York, NY, USA",Association for Computing Machinery,9781450304276.0,2010,FITE: future integrated testing environment,"Whalen, Michael W. and Godefroid, Patrice and Mariani, Leonardo and Polini, Andrea and Tillmann, Nikolai and Visser, Willem",inproceedings,10.1145/1882362.1882444,401–406,,,,,,,
,"Pittsburgh, Pennsylvania",,,,,,,"New York, NY, USA",Association for Computing Machinery,9781450393362.0,2022,SEENG '22: Proceedings of the 4th International Workshop on Software Engineering Education for the Next Generation,,proceedings,10.1145/3528231,,,,,,,,
,,,,,,,,"New York, NY, USA",Association for Computing Machinery,9781450364164.0,2017,Information Technology Curricula 2017: Curriculum Guidelines for Baccalaureate Degree Programs in Information Technology,Task Group on Information Technology Curricula,book,10.1145/3173161,,,,,,,,
,"Lisbon, Portugal",,,,,,,"New York, NY, USA",Association for Computing Machinery,9798400705717.0,2024,IWSiB '24: Proceedings of the 7th ACM/IEEE International Workshop on Software-intensive Business,,proceedings,10.1145/3643690,,,,,,,,
,,,,,,,,"New York, NY, USA",Association for Computing Machinery,9798400716836.0,2024,"EuroPLoP '24: Proceedings of the 29th European Conference on Pattern Languages of Programs, People, and Practices",,proceedings,10.1145/3698322,,,,,,,,
,"Providence, RI, USA",,,,,,,"New York, NY, USA",Association for Computing Machinery,9798400704192.0,2024,PEARC '24: Practice and Experience in Advanced Research Computing 2024: Human Powered Computing,,proceedings,10.1145/3626203,,,,,,,,
,"Singapore, Singapore",,,,,,,"New York, NY, USA",Association for Computing Machinery,9781450394130.0,2022,ESEC/FSE 2022: Proceedings of the 30th ACM Joint European Software Engineering Conference and Symposium on the Foundations of Software Engineering,,proceedings,10.1145/3540250,,,,,,,,
,"Virtual Event, USA",,,,,,,"New York, NY, USA",Association for Computing Machinery,9781450399210.0,2023,ACMSE '23: Proceedings of the 2023 ACM Southeast Conference,,proceedings,10.1145/3564746,,,,,,,,
,"Lisbon, Portugal",,,,,,,"New York, NY, USA",Association for Computing Machinery,9798400705762.0,2024,NLBSE '24: Proceedings of the Third ACM/IEEE International Workshop on NL-based Software Engineering,,proceedings,10.1145/3643787,,,,,,,,
,"Guilin, China",,,,,,,"New York, NY, USA",Association for Computing Machinery,9798400716300.0,2023,"CECCT '23: Proceedings of the 2023 International Conference on Electronics, Computers and Communication Technology",,proceedings,10.1145/3637494,,,,,,,,
,"Uberlandia, Brazil",,,,,,,"New York, NY, USA",Association for Computing Machinery,9781450397452.0,2022,"SBCARS '22: Proceedings of the 16th Brazilian Symposium on Software Components, Architectures, and Reuse",,proceedings,10.1145/3559712,,,,,,,,
,"Curitiba, Brazil",,,,,,,"New York, NY, USA",Association for Computing Machinery,9781450399999.0,2022,SBQS '22: Proceedings of the XXI Brazilian Symposium on Software Quality,,proceedings,10.1145/3571473,,,,,,,,
,"Fukuoka, Japan",,,,,,,"New York, NY, USA",Association for Computing Machinery,9798400717000.0,2024,BIOTC '24: Proceedings of the 2024 6th Blockchain and Internet of Things Conference,,proceedings,10.1145/3688225,,,,,,,,
,,,,,,,,"New York, NY, USA",Association for Computing Machinery,9798400717161.0,2024,CCIOT '24: Proceedings of the 2024 9th International Conference on Cloud Computing and Internet of Things,,proceedings,10.1145/3704304,,,,,,,,
,"Darmstadt, Germany",,,,,,,"New York, NY, USA",Association for Computing Machinery,9798400704543.0,2023,CSCS '23: Proceedings of the 7th ACM Computer Science in Cars Symposium,,proceedings,10.1145/3631204,,,,,,,,
,"Tallinn, Estonia",,,,,,,"New York, NY, USA",Association for Computing Machinery,9781450395175.0,2023,SAC '23: Proceedings of the 38th ACM/SIGAPP Symposium on Applied Computing,,proceedings,10.1145/3555776,,,,,,,,
,,,,,,,,"New York, NY, USA",Association for Computing Machinery,9798400714238.0,2025,DMIT '25: Proceedings of the 2025 International Conference on Digital Management and Information Technology,,proceedings,10.1145/3736426,,,,,,,,
,,,,,,,,"New York, NY, USA",Association for Computing Machinery,9798400710629.0,2025,ICDCN '25: Proceedings of the 26th International Conference on Distributed Computing and Networking,,proceedings,10.1145/3700838,,,,,,,,
,,,,,,,,"New York, NY, USA",Association for Computing Machinery,9798400713248.0,2025,DEIT '25: Proceedings of the 2025 International Conference on Digital Education and Information Technology,,proceedings,10.1145/3732299,,,,,,,,
,"Rome, Italy",,,,,,,"New York, NY, USA",Association for Computing Machinery,9798400700842.0,2023,EuroMLSys '23: Proceedings of the 3rd Workshop on Machine Learning and Systems,,proceedings,10.1145/3578356,,,,,,,,
,,,,,,,,"New York, NY, USA",Association for Computing Machinery,9798400714979.0,2025,SIGMIS-CPR '25: Proceedings of the 2025 Computers and People Research Conference,,proceedings,10.1145/3716489,,,,,,,,
,"Philadelphia, PA, USA",,,,,,,"New York, NY, USA",Association for Computing Machinery,9798400709579.0,2024,CSET '24: Proceedings of the 17th Cyber Security Experimentation and Test Workshop,,proceedings,10.1145/3675741,,,,,,,,
,,,,,,,,"New York, NY, USA",Association for Computing Machinery,9798400717543.0,2024,ASSE '24: Proceeding of the 2024 5th Asia Service Sciences and Software Engineering Conference,,proceedings,10.1145/3702138,,,,,,,,
,"Benevento, Italy",,,,,,,"New York, NY, USA",Association for Computing Machinery,9798400707728.0,2023,"ARES '23: Proceedings of the 18th International Conference on Availability, Reliability and Security",,proceedings,10.1145/3600160,,,,,,,,
,"Singapore, Singapore",,,,,,,"New York, NY, USA",Association for Computing Machinery,9798400704826.0,2024,ASIA CCS '24: Proceedings of the 19th ACM Asia Conference on Computer and Communications Security,,proceedings,10.1145/3634737,,,,,,,,
,"Porto, Portugal",,,,,,,"New York, NY, USA",Association for Computing Machinery,9798400717277.0,2024,HEART '24: Proceedings of the 14th International Symposium on Highly Efficient Accelerators and Reconfigurable Technologies,,proceedings,10.1145/3665283,,,,,,,,
,"Taormina (Messina), Italy",,,,,,,"New York, NY, USA",Association for Computing Machinery,9798400702341.0,2023,UCC '23: Proceedings of the IEEE/ACM 16th International Conference on Utility and Cloud Computing,,proceedings,10.1145/3603166,,,,,,,,
,"Lisbon, Portugal",,,,,,,"New York, NY, USA",Association for Computing Machinery,9798400705861.0,2024,ICPC '24: Proceedings of the 32nd IEEE/ACM International Conference on Program Comprehension,,proceedings,10.1145/3643916,,,,,,,,
,,,,,,,,"New York, NY, USA",Association for Computing Machinery,9798400710094.0,2024,EITCE '24: Proceedings of the 2024 8th International Conference on Electronic Information Technology and Computer Engineering,,proceedings,10.1145/3711129,,,,,,,,
,"Pittsburgh, PA, USA",,,,,,,"New York, NY, USA",Association for Computing Machinery,9798400714764.0,2024,CODASPY '25: Proceedings of the Fifteenth ACM Conference on Data and Application Security and Privacy,,proceedings,10.1145/3714393,,,,,,,,
,"Odense, Denmark",,,,,,,"New York, NY, USA",Association for Computing Machinery,9798400700019.0,2023,VaMoS '23: Proceedings of the 17th International Working Conference on Variability Modelling of Software-Intensive Systems,,proceedings,10.1145/3571788,,,,,,,,
,,,,,,,,"New York, NY, USA",Association for Computing Machinery,9798400707254.0,2024,CISAI '24: Proceedings of the 2024 7th International Conference on Computer Information Science and Artificial Intelligence,,proceedings,10.1145/3703187,,,,,,,,
,"Melbourne, Victoria, Australia",,,,,,,,IEEE Press,9781665457019.0,2023,ICSE '23: Proceedings of the 45th International Conference on Software Engineering,,proceedings,10.5555/3606010,,,,,,,,
,,,,,,,,"New York, NY, USA",Association for Computing Machinery,9798400711237.0,2024,"AISNS '24: Proceedings of the 2024 2nd International Conference on Artificial Intelligence, Systems and Network Security",,proceedings,10.1145/3714334,,,,,,,,
,"Ho Chi Minh, Vietnam",,,,,,,"New York, NY, USA",Association for Computing Machinery,9798400708916.0,2023,SOICT '23: Proceedings of the 12th International Symposium on Information and Communication Technology,,proceedings,10.1145/3628797,,,,,,,,
,"Kuala Lumpur, Malaysia",,,,,,,"New York, NY, USA",Association for Computing Machinery,9798400709562.0,2024,GAIIS '24: Proceedings of the 2024 International Conference on Generative Artificial Intelligence and Information Security,,proceedings,10.1145/3665348,,,,,,,,
,"Harbin, China",,,,,,,"New York, NY, USA",Association for Computing Machinery,9798400716959.0,2024,"CNSCT '24: Proceedings of the 2024 3rd International Conference on Cryptography, Network Security and Communication Technology",,proceedings,10.1145/3673277,,,,,,,,
,"Changsha, China",,,,,,,"New York, NY, USA",Association for Computing Machinery,9798400710117.0,2024,ACM-TURC '24: Proceedings of the ACM Turing Award Celebration Conference - China 2024,,proceedings,10.1145/3674399,,,,,,,,
,"Vienna, Austria",,,,,,,"New York, NY, USA",Association for Computing Machinery,9798400706127.0,2024,ISSTA 2024: Proceedings of the 33rd ACM SIGSOFT International Symposium on Software Testing and Analysis,,proceedings,10.1145/3650212,,,,,,,,
,,,,,,,,"New York, NY, USA",Association for Computing Machinery,9798400713828.0,2024,ICCA '24: Proceedings of the 3rd International Conference on Computing Advancements,,proceedings,10.1145/3723178,,,,,,,,
,,,,,,,,"New York, NY, USA",Association for Computing Machinery,9798400709753.0,2024,"ICBAR '24: Proceedings of the 2024 4th International Conference on Big Data, Artificial Intelligence and Risk Management",,proceedings,10.1145/3718751,,,,,,,,
,,,,,,,,"New York, NY, USA",Association for Computing Machinery,9798400717925.0,2024,AICCC '24: Proceedings of the 2024 7th Artificial Intelligence and Cloud Computing Conference,,proceedings,10.1145/3719384,,,,,,,,
,,,,,,,,"New York, NY, USA",Association for Computing Machinery,9798400718137.0,2024,ICCSIE '24: Proceedings of the 2024 9th International Conference on Cyber Security and Information Engineering,,proceedings,10.1145/3689236,,,,,,,,
,"Bologna, Italy",,,,,,,"New York, NY, USA",Association for Computing Machinery,9798400701771.0,2023,Middleware '23: Proceedings of the 24th International Middleware Conference,,proceedings,10.1145/3590140,,,,,,,,
,"Nanchang, China",,,,,,,"New York, NY, USA",Association for Computing Machinery,9798400709784.0,2024,"ASENS '24: Proceedings of the International Conference on Algorithms, Software Engineering, and Network Security",,proceedings,10.1145/3677182,,,,,,,,
,,,,,,,,"New York, NY, USA",Association for Computing Machinery,9798400712425.0,2025,"BDICN '25: Proceedings of the 2025 4th International Conference on Big Data, Information and Computer Network",,proceedings,10.1145/3727353,,,,,,,,
,"Madrid, Spain",,,,,,,"New York, NY, USA",Association for Computing Machinery,9781450399906.0,2023,ACM MobiCom '23: Proceedings of the 29th Annual International Conference on Mobile Computing and Networking,,proceedings,10.1145/3570361,,,,,,,,
,"Taipei, Taiwan",,,,,,,,IEEE Press,9781665421355.0,2022,ASPDAC '22: Proceedings of the 27th Asia and South Pacific Design Automation Conference,,proceedings,10.1109/3656336,,,,,,,,
,"Austin, TX, USA",,,,,,,"New York, NY, USA",Association for Computing Machinery,9798400708862.0,2023,ACSAC '23: Proceedings of the 39th Annual Computer Security Applications Conference,,proceedings,10.1145/3627106,,,,,,,,
,"Hangzhou, China",,,,,,,"New York, NY, USA",Association for Computing Machinery,9798400709449.0,2023,ICMLCA '23: Proceedings of the 2023 4th International Conference on Machine Learning and Computer Application,,proceedings,10.1145/3650215,,,,,,,,
,"Xiamen, China",,,,,,,"New York, NY, USA",Association for Computing Machinery,9798400716157.0,2023,ICIEAI '23: Proceedings of the 2023 International Conference on Information Education and Artificial Intelligence,,proceedings,10.1145/3660043,,,,,,,,
,"Rome, Italy",,,,,,,"New York, NY, USA",Association for Computing Machinery,9781450394871.0,2023,EuroSys '23: Proceedings of the Eighteenth European Conference on Computer Systems,,proceedings,10.1145/3552326,,,,,,,,
,"Salt Lake City, UT, USA",,,,,,,"New York, NY, USA",Association for Computing Machinery,9798400706363.0,2024,CCS '24: Proceedings of the 2024 on ACM SIGSAC Conference on Computer and Communications Security,,proceedings,10.1145/3658644,,,,,,,,
,,,,,,,,"New York, NY, USA",Association for Computing Machinery,9798400712715.0,2025,"CSAIDE '25: Proceedings of the 2025 4th International Conference on Cyber Security, Artificial Intelligence and the Digital Economy",,proceedings,10.1145/3729706,,,,,,,,
,"Atlanta, GA, USA",,,,,,,,IEEE Press,9798350355543.0,2024,"SC-W '24: Proceedings of the SC '24 Workshops of the International Conference on High Performance Computing, Network, Storage, and Analysis",,proceedings,10.5555/3715674,,,,,,,,
,,,,,,,,"New York, NY, USA",Association for Computing Machinery,9798400714405.0,2025,ICBDIE '25: Proceedings of the 2025 International Conference on Big Data and Informatization Education,,proceedings,10.1145/3729605,,,,,,,,
,"Zhengzhou, China",,,,,,,"New York, NY, USA",Association for Computing Machinery,9798400716683.0,2023,CNML '23: Proceedings of the 2023 International Conference on Communication Network and Machine Learning,,proceedings,10.1145/3640912,,,,,,,,
,,,,,,,,"New York, NY, USA",Association for Computing Machinery,9798400718151.0,2024,ICDSM '24: Proceedings of the International Conference on Decision Science &amp; Management,,proceedings,10.1145/3686081,,,,,,,,
,"Tokyo, Japan",,,,,,,"New York, NY, USA",Association for Computing Machinery,9798400716751.0,2024,"CNIOT '24: Proceedings of the 2024 5th International Conference on Computing, Networks and Internet of Things",,proceedings,10.1145/3670105,,,,,,,,
,"Noida, India",,,,,,,"New York, NY, USA",Association for Computing Machinery,9798400709722.0,2024,IC3-2024: Proceedings of the 2024 Sixteenth International Conference on Contemporary Computing,,proceedings,10.1145/3675888,,,,,,,,
,"Sydney NSW, Australia",,,,,,,"New York, NY, USA",Association for Computing Machinery,9798400712746.0,2025,WWW '25: Proceedings of the ACM on Web Conference 2025,,proceedings,10.1145/3696410,,,,,,,,
,"Hohhot, China",,,,,,,"New York, NY, USA",Association for Computing Machinery,9781450397803.0,2022,Internetware '22: Proceedings of the 13th Asia-Pacific Symposium on Internetware,,proceedings,10.1145/3545258,,,,,,,,
,"Madrid, Spain",,,,,,,"New York, NY, USA",Association for Computing Machinery,9798400705922.0,2024,IMC '24: Proceedings of the 2024 ACM on Internet Measurement Conference,,proceedings,10.1145/3646547,,,,,,,,
,,,,,,,,"New York, NY, USA",Association for Computing Machinery,9798400709999.0,2024,ICCSMT '24: Proceedings of the 2024 5th International Conference on Computer Science and Management Technology,,proceedings,10.1145/3708036,,,,,,,,
,"Nagoya, Japan",,,,,,,"New York, NY, USA",Association for Computing Machinery,9798400707735.0,2023,ICCCM '23: Proceedings of the 2023 11th International Conference on Computer and Communications Management,,proceedings,10.1145/3617733,,,,,,,,
,"Honolulu, HI, USA",,,,,,,"New York, NY, USA",Association for Computing Machinery,9798400703317.0,2024,CHI EA '24: Extended Abstracts of the CHI Conference on Human Factors in Computing Systems,,proceedings,10.1145/3613905,,,,,,,,
,,,,,,,,"New York, NY, USA",Association for Computing Machinery,9798400712791.0,2025,DEAI '25: Proceedings of the 2nd Guangdong-Hong Kong-Macao Greater Bay Area International Conference on Digital Economy and Artificial Intelligence,,proceedings,10.1145/3745238,,,,,,,,
,"Boston, Massachusetts",,,,,,,"New York, NY, USA",Association for Computing Machinery,9781450398862.0,2022,SenSys '22: Proceedings of the 20th ACM Conference on Embedded Networked Sensor Systems,,proceedings,10.1145/3560905,,,,,,,,
,"Berlin, Germany",,,,,,,"New York, NY, USA",Association for Computing Machinery,9798400715648.0,2025,SIGMOD/PODS '25: Companion of the 2025 International Conference on Management of Data,,proceedings,10.1145/3722212,,,,,,,,
,"Hong Kong, China",,,,,,,"New York, NY, USA",Association for Computing Machinery,9798400707650.0,2023,"RAID '23: Proceedings of the 26th International Symposium on Research in Attacks, Intrusions and Defenses",,proceedings,10.1145/3607199,,,,,,,,
,"Zhuhai, China",,,,,,,"New York, NY, USA",Association for Computing Machinery,9781450398411.0,2023,ICMLC '23: Proceedings of the 2023 15th International Conference on Machine Learning and Computing,,proceedings,10.1145/3587716,,,,,,,,
,"New York, NY, USA",,,,,,,"New York, NY, USA",Association for Computing Machinery,9798400702204.0,2023,ASSETS '23: Proceedings of the 25th International ACM SIGACCESS Conference on Computers and Accessibility,,proceedings,10.1145/3597638,,,,,,,,
,"Rotterdam, Netherlands",,,,,,,"New York, NY, USA",Association for Computing Machinery,9798400710797.0,2025,"ASPLOS '25: Proceedings of the 30th ACM International Conference on Architectural Support for Programming Languages and Operating Systems, Volume 2",,proceedings,10.1145/3676641,,,,,,,,
,,,,,,,,"New York, NY, USA",Association for Computing Machinery,9798400712241.0,2024,IHC '24: Proceedings of the XXIII Brazilian Symposium on Human Factors in Computing Systems,,proceedings,10.1145/3702038,,,,,,,,
,"Xi'an, China",,,,,,,"New York, NY, USA",Association for Computing Machinery,9798400709517.0,2023,ICCSMT '23: Proceedings of the 2023 4th International Conference on Computer Science and Management Technology,,proceedings,10.1145/3644523,,,,,,,,
,"Sydney, NSW, Australia",,,,,,,"New York, NY, USA",Association for Computing Machinery,9798400706141.0,2024,ACM SIGCOMM '24: Proceedings of the ACM SIGCOMM 2024 Conference,,proceedings,10.1145/3651890,,,,,,,,
,"Xiamen, China",,,,,,,"New York, NY, USA",Association for Computing Machinery,9798400708305.0,2023,EITCE '23: Proceedings of the 2023 7th International Conference on Electronic Information Technology and Computer Engineering,,proceedings,10.1145/3650400,,,,,,,,
,"Toronto ON, Canada",,,,,,,"New York, NY, USA",Association for Computing Machinery,9798400714542.0,2025,KDD '25: Proceedings of the 31st ACM SIGKDD Conference on Knowledge Discovery and Data Mining V.2,,proceedings,10.1145/3711896,,,,,,,,
,"Vancouver, BC, Canada",,,,,,,"New York, NY, USA",Association for Computing Machinery,9781450399166.0,2023,"ASPLOS 2023: Proceedings of the 28th ACM International Conference on Architectural Support for Programming Languages and Operating Systems, Volume 2",,proceedings,10.1145/3575693,,,,,,,,
,"Melbourne, VIC, Australia",,,,,,,"New York, NY, USA",Association for Computing Machinery,9798400704956.0,2024,GECCO '24 Companion: Proceedings of the Genetic and Evolutionary Computation Conference Companion,,proceedings,10.1145/3638530,,,,,,,,
,"Orlando, FL, USA",,,,,,,"New York, NY, USA",Association for Computing Machinery,9798400700958.0,2023,ISCA '23: Proceedings of the 50th Annual International Symposium on Computer Architecture,,proceedings,10.1145/3579371,,,,,,,,
,"Hamburg, Germany",,,,,,,"New York, NY, USA",Association for Computing Machinery,9781450394215.0,2023,CHI '23: Proceedings of the 2023 CHI Conference on Human Factors in Computing Systems,,proceedings,10.1145/3544548,,,,,,,,
,"Padua, Italy",,,,,,,"New York, NY, USA",Association for Computing Machinery,9798400715921.0,2025,SIGIR '25: Proceedings of the 48th International ACM SIGIR Conference on Research and Development in Information Retrieval,,proceedings,10.1145/3726302,,,,,,,,
,"Yokohama, Japan",,,,,,,"New York, NY, USA",Association for Computing Machinery,9781450380966.0,2021,CHI '21: Proceedings of the 2021 CHI Conference on Human Factors in Computing Systems,,proceedings,10.1145/3411764,,,,,,,,
,"Honolulu, HI, USA",,,,,,,"New York, NY, USA",Association for Computing Machinery,9798400703300.0,2024,CHI '24: Proceedings of the 2024 CHI Conference on Human Factors in Computing Systems,,proceedings,10.1145/3613904,,,,,,,,
