Item Title,Publication Title,Book Series Title,Journal Volume,Journal Issue,Item DOI,Authors,Publication Year,URL,Content Type
Automated Security Testing Using CI/CD Pipeline,ICT: Applications and Social Interfaces,,,,10.1007/978-981-96-5751-3_16,Shravani DeshmukhRushikesh PatilSatish Narkhede,2025,https://link.springer.com/chapter/10.1007/978-981-96-5751-3_16,Conference paper
CI/CD Pipeline in Cloud-Native DevOps,Cloud-Native DevOps,,,,10.1007/979-8-8688-0407-6_4,Mohammed Ilyas Ahmed,2024,https://link.springer.com/chapter/10.1007/979-8-8688-0407-6_4,Chapter
Continuous Integration (CI) and Continuous Delivery (CD),,,,,10.1007/978-1-4842-9228-0,Henry van Merode,2023,https://link.springer.com/book/10.1007/978-1-4842-9228-0,Book
DevSecOps practices and tools,International Journal of Information Security,,,,10.1007/s10207-024-00914-z,Luís PratesRúben Pereira,2024,https://link.springer.com/article/10.1007/s10207-024-00914-z,Article
DevSecOps Integration in Supply Chain Security,Supply Chain Software Security,,,,10.1007/979-8-8688-0799-2_5,Aamiruddin Syed,2024,https://link.springer.com/chapter/10.1007/979-8-8688-0799-2_5,Chapter
Natural Gas Pipeline Security in Central Asia,The Palgrave Encyclopedia of Global Security Studies,,,,10.1007/978-3-319-74319-6_584,András Molnár,2023,https://link.springer.com/rwe/10.1007/978-3-319-74319-6_584,Reference work entry
From LLMOps to DevSecOps for GenAI,Generative AI Security,,,,10.1007/978-3-031-54252-7_8,Ken HuangVishwas ManralWickey Wang,2024,https://link.springer.com/chapter/10.1007/978-3-031-54252-7_8,Chapter
DevSecOps for Web3,A Comprehensive Guide for Web3 Security,,,,10.1007/978-3-031-39288-7_7,Ken Huang,2023,https://link.springer.com/chapter/10.1007/978-3-031-39288-7_7,Chapter
On the need to monitor continuous integration practices,Empirical Software Engineering,,,,10.1007/s10664-025-10682-6,Jadson SantosDaniel Alencar da CostaShane McIntoshUirá Kulesza,2025,https://link.springer.com/article/10.1007/s10664-025-10682-6,Article
"Implementing “DevSecOps as a Culture”—The Concept, Benefits, Execution Strategies, and Challenges",Smart Trends in Computing and Communications,,,,10.1007/978-981-97-1326-4_16,Sairaj S. LumpatkiSwapnaja PatwardhanMukul Kulkarni,2024,https://link.springer.com/chapter/10.1007/978-981-97-1326-4_16,Conference paper
DevOps Security (DevSecOps),A Complete Guide to DevOps with AWS,,,,10.1007/978-1-4842-9303-4_8,Osama Mustafa,2023,https://link.springer.com/chapter/10.1007/978-1-4842-9303-4_8,Chapter
From DevOps to DevSecOps is not enough. CyberDevOps: an extreme shifting-left architecture to bring cybersecurity within software security lifecycle pipeline,Software Quality Journal,,,,10.1007/s11219-023-09619-3,Federico LombardiAlberto Fanton,2023,https://link.springer.com/article/10.1007/s11219-023-09619-3,Article
AI-driven cybersecurity framework for software development based on the ANN-ISM paradigm,Scientific Reports,,,,10.1038/s41598-025-97204-y,Habib Ullah KhanRafiq Ahmad KhanHathal S. AlwageedAlaa Omran AlmagrabiSarra AyouniMohamed Maddeh,2025,https://link.springer.com/article/10.1038/s41598-025-97204-y,Article
Best Practices for Application Security,Supply Chain Software Security,,,,10.1007/979-8-8688-0799-2_4,Aamiruddin Syed,2024,https://link.springer.com/chapter/10.1007/979-8-8688-0799-2_4,Chapter
Using Secure Infrastructure of Unmanned Intelligent Systems to Support Mine Clearance,Integrated Computer Technologies in Mechanical Engineering - 2024,,,,10.1007/978-3-031-94845-9_41,Bohdan KosarevskyiArtem Tetskyi,2025,https://link.springer.com/chapter/10.1007/978-3-031-94845-9_41,Conference paper
Software Development Security,CISSP Exam Certification Companion,,,,10.1007/979-8-8688-0057-3_10,Mohamed Aly Bouke,2023,https://link.springer.com/chapter/10.1007/979-8-8688-0057-3_10,Chapter
Automated NFR testing in continuous integration environments: a multi-case study of Nordic companies,Empirical Software Engineering,,,,10.1007/s10664-023-10356-1,Liang YuEmil AlégrothPanagiota ChatzipetrouTony Gorschek,2023,https://link.springer.com/article/10.1007/s10664-023-10356-1,Article
Securing IoT-Driven Supply Chains,Supply Chain Software Security,,,,10.1007/979-8-8688-0799-2_7,Aamiruddin Syed,2024,https://link.springer.com/chapter/10.1007/979-8-8688-0799-2_7,Chapter
Enterprise Cloud Native Automation,Cloud Native Architecture and Design,,,,10.1007/978-1-4842-7226-8_14,Shivakumar R Goniwada,2022,https://link.springer.com/chapter/10.1007/978-1-4842-7226-8_14,Chapter
Towards deep learning enabled cybersecurity risk assessment for microservice architectures,Cluster Computing,,,,10.1007/s10586-024-05092-0,Majid AbdulsatarHussain AhmadDiksha GoelFaheem Ullah,2025,https://link.springer.com/article/10.1007/s10586-024-05092-0,Article
Cloud-Native Maturity Models,Observability Engineering with Cilium,,,,10.1007/979-8-8688-1258-3_3,Dr. Mehdi Ghane,2025,https://link.springer.com/chapter/10.1007/979-8-8688-1258-3_3,Chapter
Investigations into Secure IaC Practices,Proceedings of Seventh International Congress on Information and Communication Technology,,,,10.1007/978-981-19-1610-6_25,Keerthi NeharikaRuth G. Lennon,2023,https://link.springer.com/chapter/10.1007/978-981-19-1610-6_25,Conference paper
Design and Deploy Azure IoT Security,Design and Deploy IoT Network & Security with Microsoft Azure,,,,10.1007/979-8-8688-0908-8_4,Puthiyavan UdayakumarDr. R Anandan,2024,https://link.springer.com/chapter/10.1007/979-8-8688-0908-8_4,Chapter
Generating Robot Framework Code with LLM Models: A RAG-Based Approach,Intelligent and Fuzzy Systems,,,,10.1007/978-3-031-97992-7_65,Anıl SezginGürkan ÖzkanEsra Coşgun,2025,https://link.springer.com/chapter/10.1007/978-3-031-97992-7_65,Conference paper
Overview of Microservices,The Art of Decoding Microservices,,,,10.1007/979-8-8688-1267-5_2,Sumit BhatnagarRoshan Mahant,2025,https://link.springer.com/chapter/10.1007/979-8-8688-1267-5_2,Chapter
Natural Gas Pipeline Security in Central Asia,The Palgrave Encyclopedia of Global Security Studies,,,,10.1007/978-3-319-74336-3_584-1,András Molnár,2020,https://link.springer.com/rwe/10.1007/978-3-319-74336-3_584-1,Living reference work entry
Pipeline Design,Continuous Integration (CI) and Continuous Delivery (CD),,,,10.1007/978-1-4842-9228-0_4,Henry van Merode,2023,https://link.springer.com/chapter/10.1007/978-1-4842-9228-0_4,Chapter
Designing for “-ilities”,Cloud Native Architecture and Design,,,,10.1007/978-1-4842-7226-8_9,Shivakumar R Goniwada,2022,https://link.springer.com/chapter/10.1007/978-1-4842-7226-8_9,Chapter
Threats and Vulnerabilities in Web Applications and How to Avoid Them,Critical Infrastructure Protection in the Light of the Armed Conflicts,,,,10.1007/978-3-031-47990-8_9,Zlatko Čović,2024,https://link.springer.com/chapter/10.1007/978-3-031-47990-8_9,Conference paper
Securing Microservices with Istio,Practical Istio,,,,10.1007/979-8-8688-1573-7_5,Prashanth JosyulaKaranbir SinghAnupam Mehta,2025,https://link.springer.com/chapter/10.1007/979-8-8688-1573-7_5,Chapter
Process Changes,Cloud-Based Microservices,,,,10.1007/978-1-4842-6564-2_5,Chandra Rajasekharaiah,2021,https://link.springer.com/chapter/10.1007/978-1-4842-6564-2_5,Chapter
A Proposal of a Supply Chain Security Model for Generative AI,Information Security Applications,,,,10.1007/978-981-96-1624-4_25,Keun Young LeeJiyeon Yoo,2025,https://link.springer.com/chapter/10.1007/978-981-96-1624-4_25,Conference paper
Where Do Developers Admit their Security-Related Concerns?,Agile Processes in Software Engineering and Extreme Programming – Workshops,,,,10.1007/978-3-031-72781-8_21,Moritz MockThomas ForrerBarbara Russo,2025,https://link.springer.com/chapter/10.1007/978-3-031-72781-8_21,Conference paper
Demystifying the Cloud-Native Computing Paradigm,Essentials of Cloud Computing,,,,10.1007/978-3-031-32044-6_12,Chellammal SurianarayananPethuru Raj Chelliah,2023,https://link.springer.com/chapter/10.1007/978-3-031-32044-6_12,Chapter
Build Automated Pipeline,Systematic Cloud Migration,,,,10.1007/978-1-4842-7252-7_8,Taras Gleb,2021,https://link.springer.com/chapter/10.1007/978-1-4842-7252-7_8,Chapter
Introduction: Why Evolve from Infrastructure to Innovation with SAP on AWS?,Evolve from Infrastructure to Innovation with SAP on AWS,,,,10.1007/979-8-8688-0890-6_1,Bidwan BaruahKrishnakumar RamadossAbarajith Vivekanandha,2024,https://link.springer.com/chapter/10.1007/979-8-8688-0890-6_1,Chapter
Securing Open Systems,Getting Started with Open Source Technologies,,,,10.1007/978-1-4842-8127-7_4,Sachin RatheeAmol Chobe,2022,https://link.springer.com/chapter/10.1007/978-1-4842-8127-7_4,Chapter
Adaptive Cyber Defense,"Encyclopedia of Cryptography, Security and Privacy",,,,10.1007/978-3-030-71522-9_1773,Partha PalMichael Atighetchi,2025,https://link.springer.com/rwe/10.1007/978-3-030-71522-9_1773,Reference work entry
Foundations of Microservices and APIs,AI and Microservices,,,,10.1007/979-8-8688-1306-1_2,Dileep Kumar PandiyaNilesh Charankar,2025,https://link.springer.com/chapter/10.1007/979-8-8688-1306-1_2,Chapter
GitHub Enterprise Organization Management and Administration,Mastering GitHub Enterprise Management and Administration,,,,10.1007/979-8-8688-0369-7_6,Balu Nivrutti IlagAjayKumar P. BaljoshiGanesh J. SangaleYogesh Athave,2024,https://link.springer.com/chapter/10.1007/979-8-8688-0369-7_6,Chapter
Understanding the Importance of Data/Application Security,Azure Cloud Security for Absolute Beginners,,,,10.1007/978-1-4842-7860-4_1,Pushpa Herath,2022,https://link.springer.com/chapter/10.1007/978-1-4842-7860-4_1,Chapter
Natural Gas as a Means of Influence,The Palgrave Encyclopedia of Global Security Studies,,,,10.1007/978-3-319-74319-6_640,Péter MartonKatarina Sárvári,2023,https://link.springer.com/rwe/10.1007/978-3-319-74319-6_640,Reference work entry
GenAI Application Level Security,Generative AI Security,,,,10.1007/978-3-031-54252-7_7,Ken HuangGrace HuangAdam DawsonDaniel Wu,2024,https://link.springer.com/chapter/10.1007/978-3-031-54252-7_7,Chapter
Impact of Oil and Gas Exploration and Infrastructure in Niger Delta on the United Nations Sustainable Development Goals,Oil and Gas Pipeline Infrastructure Insecurity,,,,10.1007/978-3-031-56932-6_4,Abdul L. Abraham Jatto,2024,https://link.springer.com/chapter/10.1007/978-3-031-56932-6_4,Chapter
Trends for the DevOps Security. A Systematic Literature Review,Business Modeling and Software Design,,,,10.1007/978-3-031-11510-3_12,Tiina LeppänenAnne HonkarantaAndrei Costin,2022,https://link.springer.com/chapter/10.1007/978-3-031-11510-3_12,Conference paper
"A Review on&#xa0;Interplay of&#xa0;AutoML and&#xa0;MLOps “AutoMLOps”: Current State, Challenges, and&#xa0;Future Scope",Proceedings of Fourth International Conference on Computing and Communication Networks,,,,10.1007/978-981-96-3247-3_9,Kuldeep SinghAnurag GoswamiSonal Kukreja,2025,https://link.springer.com/chapter/10.1007/978-981-96-3247-3_9,Conference paper
Threat Analysis for Cloud-Native Deployments,Cloud-Native DevOps,,,,10.1007/979-8-8688-0407-6_9,Mohammed Ilyas Ahmed,2024,https://link.springer.com/chapter/10.1007/979-8-8688-0407-6_9,Chapter
How to Adapt and Implement a Large-Scale Agile Framework in Your Organization,Large-Scale Agile Frameworks,,,,10.1007/978-3-662-67782-7_4,Sascha Block,2023,https://link.springer.com/chapter/10.1007/978-3-662-67782-7_4,Chapter
Microservices Architecture and Design,Cloud Native Architecture and Design,,,,10.1007/978-1-4842-7226-8_5,Shivakumar R Goniwada,2022,https://link.springer.com/chapter/10.1007/978-1-4842-7226-8_5,Chapter
Security-centric node identification in complex networks,Scientific Reports,,,,10.1038/s41598-025-00360-4,Lanying LiuNing DuDuyong Sheng,2025,https://link.springer.com/article/10.1038/s41598-025-00360-4,Article
Localization of underground pipeline intrusion sources using cross-correlation CNN: application in pile-driving model test,AI in Civil Engineering,,,,10.1007/s43503-024-00037-3,Fu ChaiBiao ZhouXiongyao XieZixin ZhangJianyong Han,2024,https://link.springer.com/article/10.1007/s43503-024-00037-3,Article
Network Policy Enforcement in&#xa0;Cloud-Native Environments,Artificial Intelligence Applications and Innovations. AIAI 2025 IFIP WG 12.5 International Workshops,,,,10.1007/978-3-031-97317-8_15,Pedro R. TomasSofia SilvaMarco NetoJorge ProençaLuis RosaLuis CordeiroTarik TalebTiago Cruz,2025,https://link.springer.com/chapter/10.1007/978-3-031-97317-8_15,Conference paper
Prediction of Remaining Life of City Gas Pipelines Based on Decision Tree Classification Algorithm,"Proceedings of Innovative Computing 2024, Vol. 3",,,,10.1007/978-981-97-4121-2_13,Yang ZhaoXiaoxu  ChenTao  YanMeili Liu,2024,https://link.springer.com/chapter/10.1007/978-981-97-4121-2_13,Conference paper
"Data pipeline approaches in serverless computing: a taxonomy, review, and research trends",Journal of Big Data,,,,10.1186/s40537-024-00939-0,Zahra Shojaee RadMostafa Ghobaei-Arani,2024,https://link.springer.com/article/10.1186/s40537-024-00939-0,Article
Introduction: Dimensions of Cloud Security,Azure Security For Critical Workloads,,,,10.1007/978-1-4842-8936-5_1,Sagar Lad,2023,https://link.springer.com/chapter/10.1007/978-1-4842-8936-5_1,Chapter
ICITPM: Integrity Validation of Software in Iterative Continuous Integration Through the Use of Trusted Platform Module (TPM),Computer Security,,,,10.1007/978-3-030-66504-3_9,Antonio MuñozAristeidis FaraoJordy Ryan Casas CorreiaChristos Xenakis,2020,https://link.springer.com/chapter/10.1007/978-3-030-66504-3_9,Conference paper
Product Development: A Synergy of Teams and Techniques,Technical Building Blocks,,,,10.1007/978-1-4842-8658-6_1,Gaurav SagarVitalii Syrovatskyi,2022,https://link.springer.com/chapter/10.1007/978-1-4842-8658-6_1,Chapter
Ctam: A Tool for Continuous Threat Analysis and Management,CyberSecurity in a DevOps Environment,,,,10.1007/978-3-031-42212-6_7,Laurens SionDimitri Van LanduytKoen YskoutStef VerreydtWouter Joosen,2024,https://link.springer.com/chapter/10.1007/978-3-031-42212-6_7,Chapter
A Systematic Review on Game-Theoretic Models and Different Types of Security Requirements in Cloud Environment: Challenges and Opportunities,Archives of Computational Methods in Engineering,,,,10.1007/s11831-024-10095-6,Komal Singh GillAnju SharmaSharad Saxena,2024,https://link.springer.com/article/10.1007/s11831-024-10095-6,Article
Operate and Monitor,Continuous Integration (CI) and Continuous Delivery (CD),,,,10.1007/978-1-4842-9228-0_8,Henry van Merode,2023,https://link.springer.com/chapter/10.1007/978-1-4842-9228-0_8,Chapter
Best Practices in Kubernetes,Kubernetes Recipes,,,,10.1007/979-8-8688-1325-2_13,Grzegorz StencelLuca Berton,2025,https://link.springer.com/chapter/10.1007/979-8-8688-1325-2_13,Chapter
Adaptive Cyber Defense,"Encyclopedia of Cryptography, Security and Privacy",,,,10.1007/978-3-642-27739-9_1773-1,Partha PalMichael Atighetchi,2023,https://link.springer.com/rwe/10.1007/978-3-642-27739-9_1773-1,Living reference work entry
Decentralized Finance: Exploring the Dynamics of Blockchain in Peer-to-Peer Lending Platform,Proceedings of the International Conference on Smart Cities - Volume 2,,,,10.1007/978-981-96-5848-0_51,Rohini PiseSonali Patil,2025,https://link.springer.com/chapter/10.1007/978-981-96-5848-0_51,Conference paper
IoT Product Team,IoT Standards with Blockchain,,,,10.1007/978-1-4842-7271-8_13,Venkatesh Upadrista,2021,https://link.springer.com/chapter/10.1007/978-1-4842-7271-8_13,Chapter
Integration of Security Standards in DevOps Pipelines: An Industry Case Study,Product-Focused Software Process Improvement,,,,10.1007/978-3-030-64148-1_27,Fabiola MoyónRafael SoaresMaria Pinto-AlbuquerqueDaniel MendezKristian Beckers,2020,https://link.springer.com/chapter/10.1007/978-3-030-64148-1_27,Conference paper
Examining the&#xa0;Privacy and&#xa0;Security of&#xa0;Mobile Refugee Applications,Intelligent Computing,,,,10.1007/978-3-031-62273-1_26,Marc ZirilloShannon AvizaMarlon CruzHalie LeeGrace LaMalvaAmanda GalvezDenise DragosSuzanna Schmeelk,2024,https://link.springer.com/chapter/10.1007/978-3-031-62273-1_26,Conference paper
Virtualizing Network Functions in Cloud and Telecom Core Networks,Future Networking Essentials,,,,10.1007/979-8-8688-0497-7_4,Anil Kumar Rangisetti,2024,https://link.springer.com/chapter/10.1007/979-8-8688-0497-7_4,Chapter
Challenges and Considerations,AI and Microservices,,,,10.1007/979-8-8688-1306-1_10,Dileep Kumar PandiyaNilesh Charankar,2025,https://link.springer.com/chapter/10.1007/979-8-8688-1306-1_10,Chapter
"Transition, Runbook and Disaster Recovery",Systematic Cloud Migration,,,,10.1007/978-1-4842-7252-7_9,Taras Gleb,2021,https://link.springer.com/chapter/10.1007/978-1-4842-7252-7_9,Chapter
DevSecOps for .NET Core,,,,,10.1007/978-1-4842-5850-7,Afzaal Ahmad Zeeshan,2020,https://link.springer.com/book/10.1007/978-1-4842-5850-7,Book
Research on multi-dimensional reconstruction mechanism of cloud native full link in the metaverse scenario,Scientific Reports,,,,10.1038/s41598-023-48724-y,Shuo Sheng,2023,https://link.springer.com/article/10.1038/s41598-023-48724-y,Article
Cyber Security Awareness Requirements for Operational Technology Systems,Critical Infrastructure Protection XV,,,,10.1007/978-3-030-93511-5_2,Tim EllisDavid BalensonMichael Locasto,2022,https://link.springer.com/chapter/10.1007/978-3-030-93511-5_2,Conference paper
Liquefied Natural Gas (LNG),The Palgrave Encyclopedia of Global Security Studies,,,,10.1007/978-3-319-74319-6_509,Yuanyuan Chen,2023,https://link.springer.com/rwe/10.1007/978-3-319-74319-6_509,Reference work entry
A Review of Pilotless Vehicles,Telecommunications and Remote Sensing,,,,10.1007/978-3-031-49263-1_11,Boris ShishkovGabriela Garvanova,2023,https://link.springer.com/chapter/10.1007/978-3-031-49263-1_11,Conference paper
Defining a Secure Software Process,Information Security Planning,,,,10.1007/978-3-031-43118-0_22,Susan Lincke,2024,https://link.springer.com/chapter/10.1007/978-3-031-43118-0_22,Chapter
R-MDP: A Game Theory Approach for&#xa0;Fault-Tolerant Data and&#xa0;Service Management in&#xa0;Crude Oil Pipelines Monitoring Systems,"Mobile and Ubiquitous Systems: Computing, Networking and Services",,,,10.1007/978-3-031-34776-4_3,Safuriyawu AhmedFrédéric Le MouëlNicolas StoulsJilles S. Dibangoye,2023,https://link.springer.com/chapter/10.1007/978-3-031-34776-4_3,Conference paper
Centrifuge tests on the deformation law of pipelines crossing slopes with different water contents,Scientific Reports,,,,10.1038/s41598-024-70372-z,Haidong JiaMing YangLianshuang DaiYongbing QueDongyuan WangZhifeng YuYu ZhaoWenjun HuJunkai XuJunfeng Tang,2024,https://link.springer.com/article/10.1038/s41598-024-70372-z,Article
Energy Security (Dilemmas),The Palgrave Encyclopedia of Global Security Studies,,,,10.1007/978-3-319-74319-6_498,Martin Scott Catino,2023,https://link.springer.com/rwe/10.1007/978-3-319-74319-6_498,Reference work entry
Performance Observability in Kubernetes,Kubernetes Recipes,,,,10.1007/979-8-8688-1325-2_9,Grzegorz StencelLuca Berton,2025,https://link.springer.com/chapter/10.1007/979-8-8688-1325-2_9,Chapter
AI Techniques for Signal Processing in Optical Fiber Sensors,Optical Fiber Sensors and AI,,,,10.1007/978-981-96-6158-9_4,Jyoti Katyal,2025,https://link.springer.com/chapter/10.1007/978-981-96-6158-9_4,Chapter
Cloud Security Responsibilities and the AWS Security Ecosystem,Cybersecurity with AWS,,,,10.1007/979-8-8688-1554-6_2,Syed Rehan,2025,https://link.springer.com/chapter/10.1007/979-8-8688-1554-6_2,Chapter
"The DAWN Framework: Integrating SDN, NFV, and Machine Learning for Enhanced DDoS Resistance",Artificial Intelligence and Applications,,,,10.1007/978-981-97-8074-7_17,Aisha LalliAspen OlmstedArti Tripathi,2025,https://link.springer.com/chapter/10.1007/978-981-97-8074-7_17,Conference paper
Applying a&#xa0;Prompt Pattern Sequence for&#xa0;Decision-Making in&#xa0;Microservices Architectures,Service-Oriented and Cloud Computing,,,,10.1007/978-3-031-84617-5_2,João José Maranhão JuniorJorge MelegatiEduardo Guerra,2025,https://link.springer.com/chapter/10.1007/978-3-031-84617-5_2,Conference paper
iALBMAD: an improved agile-based layered approach for mobile app development,Automated Software Engineering,,,,10.1007/s10515-025-00520-w,Anil PatidarUgrasen Suman,2025,https://link.springer.com/article/10.1007/s10515-025-00520-w,Article
Towards 6G-Enabled Edge-Cloud Continuum Computing – Initial Assessment,Advanced Communication and Intelligent Systems,,,,10.1007/978-3-031-25088-0_1,Jaydip KumarJitendra K SamriyaMarek BolanowskiAndrzej PaszkiewiczWiesław PawłowskiMaria GanzhaKatarzyna Wasielewska-MichniewskaBartłomiej Solarz-NiesłuchowskiMarcin PaprzyckiIgnacio Lacalle ÚbedaCarlos E. Palau,2023,https://link.springer.com/chapter/10.1007/978-3-031-25088-0_1,Conference paper
Cloud Security,Mastering Cybersecurity,,,,10.1007/979-8-8688-0297-3_8,Dr. Jason Edwards,2024,https://link.springer.com/chapter/10.1007/979-8-8688-0297-3_8,Chapter
Discussion and Conclusion,Oil and Gas Pipeline Infrastructure Insecurity,,,,10.1007/978-3-031-56932-6_8,Abdul L. Abraham Jatto,2024,https://link.springer.com/chapter/10.1007/978-3-031-56932-6_8,Chapter
Navigating the GenAI Security Landscape,Generative AI Security,,,,10.1007/978-3-031-54252-7_2,Ken HuangJyoti PonnapalliJeff TantsuraKevin T. Shin,2024,https://link.springer.com/chapter/10.1007/978-3-031-54252-7_2,Chapter
Enhancing Microservice Security Through Middleware Architecture: A Machine Learning Approach,Information Processing and Network Provisioning,,,,10.1007/978-981-96-6462-7_26,Yong Deng,2025,https://link.springer.com/chapter/10.1007/978-981-96-6462-7_26,Conference paper
Engineering Applications in Typical Fields of ESS Empowerment,Cyber Resilience System Engineering Empowered by Endogenous Security and Safety,,,,10.1007/978-981-97-0116-2_7,Jiangxing Wu,2024,https://link.springer.com/chapter/10.1007/978-981-97-0116-2_7,Chapter
Failure Analysis of the Leakage and Ignition of an Oil–Gas Mixture Transportation Pipeline,Journal of Failure Analysis and Prevention,,,,10.1007/s11668-021-01279-4,C. L. SongX. B. LiuX. PanQ. G. ChenP. WangY. Fang,2021,https://link.springer.com/article/10.1007/s11668-021-01279-4,Article
From “Free” to “Open Source” to Products,How Open Source Ate Software,,,,10.1007/978-1-4842-6800-1_2,Gordon Haff,2021,https://link.springer.com/chapter/10.1007/978-1-4842-6800-1_2,Chapter
Extending Istio with Custom Plugins,Practical Istio,,,,10.1007/979-8-8688-1573-7_9,Prashanth JosyulaKaranbir SinghAnupam Mehta,2025,https://link.springer.com/chapter/10.1007/979-8-8688-1573-7_9,Chapter
Hyperledger Fabric-Powered Network Slicing Handover Authentication,Information Systems Frontiers,,,,10.1007/s10796-024-10564-0,Igugu Tshisekedi EtienneMuhammad FirdausCho Nwe Zin LattSiwan NohKyung-Hyune Rhee,2024,https://link.springer.com/article/10.1007/s10796-024-10564-0,Article
Secure File Transfer Management: Leveraging Special Group ID for User-To-User Communication in Linux,Advances in Communication and Applications,,,,10.1007/978-981-96-4679-1_32,R. LokeshwariM. Naveen KumarK. S. Jasmine,2025,https://link.springer.com/chapter/10.1007/978-981-96-4679-1_32,Conference paper
"A&#xa0;survey of cybersecurity laws, regulations, and policies in technologically advanced nations: a&#xa0;case study of Pakistan to bridge the gap",International Cybersecurity Law Review,,,,10.1365/s43439-024-00128-y,Bilal SaleemMusferah AhmedMaila ZahraFarhan HassanMuhammad Asif IqbalZia Muhammad,2024,https://link.springer.com/article/10.1365/s43439-024-00128-y,Article
A hierarchical model for quantifying software security based on static analysis alerts and software metrics,Software Quality Journal,,,,10.1007/s11219-021-09555-0,Miltiadis SiavvasDionysios KehagiasDimitrios TzovarasErol Gelenbe,2021,https://link.springer.com/article/10.1007/s11219-021-09555-0,Article
Organizing and Managing the Development Process,Developing Information Systems Accurately,,,,10.1007/978-3-031-16862-8_7,Bert de Brock,2023,https://link.springer.com/chapter/10.1007/978-3-031-16862-8_7,Chapter
The Effect of Oil and Gas Activities on Pipeline Vandalism: The Perspectives of Professional Operators,Oil and Gas Pipeline Infrastructure Insecurity,,,,10.1007/978-3-031-56932-6_6,Abdul L. Abraham Jatto,2024,https://link.springer.com/chapter/10.1007/978-3-031-56932-6_6,Chapter
Research on Automated Management Method for Full Cycle of Operating System Mirrors Based on Multi Objective Optimization,"Innovative Computing 2025, Volume 3",,,,10.1007/978-981-96-8007-8_10,Xiang LuYang SuXuan Yu,2025,https://link.springer.com/chapter/10.1007/978-981-96-8007-8_10,Conference paper
Reduce Cyber Security Vulnerabilities: IaaS and Data,Cyber Security on Azure,,,,10.1007/978-1-4842-6531-4_3,Marshall CopelandMatthew Jacobs,2021,https://link.springer.com/chapter/10.1007/978-1-4842-6531-4_3,Chapter
Introduction to Agile and DevOps,Hands-On Guide to AgileOps,,,,10.1007/978-1-4842-7505-4_3,Navin SabharwalRaminder RathoreUdita Agrawal,2022,https://link.springer.com/chapter/10.1007/978-1-4842-7505-4_3,Chapter
Simplify and Rationalize IT and Security,Rational Cybersecurity for Business,,,,10.1007/978-1-4842-5952-8_7,Dan Blum,2020,https://link.springer.com/chapter/10.1007/978-1-4842-5952-8_7,Chapter
Cloud Migration Fundamentals,Systematic Cloud Migration,,,,10.1007/978-1-4842-7252-7_2,Taras Gleb,2021,https://link.springer.com/chapter/10.1007/978-1-4842-7252-7_2,Chapter
A-ESA Modeling Styles,Mastering Enterprise Solution Modeling,,,,10.1007/979-8-8688-0992-7_5,Sean (Chunhong) Gu,2024,https://link.springer.com/chapter/10.1007/979-8-8688-0992-7_5,Chapter
The Writing on the Wall: The Demise of Said bin Taymur,"Britain and Oman, c. 1945–1980",,,,10.1007/978-3-031-75472-2_9,Tancred Bradshaw,2025,https://link.springer.com/chapter/10.1007/978-3-031-75472-2_9,Chapter
Secure and Sustainable Software Engineering Framework and Best Practices for Blockchain Applications,Blockchain Engineering,,,,10.1007/978-981-96-4360-8_8,Muthu Ramachandran,2025,https://link.springer.com/chapter/10.1007/978-981-96-4360-8_8,Chapter
API Governance,API Management,,,,10.1007/979-8-8688-0054-2_12,Brajesh De,2023,https://link.springer.com/chapter/10.1007/979-8-8688-0054-2_12,Chapter
The GRaViTY Framework,Security Compliance in Model-driven Development of Software Systems in Presence of Long-Term Evolution and Variants,,,,10.1007/978-3-658-37665-9_14,Sven Matthias Peldszus,2022,https://link.springer.com/chapter/10.1007/978-3-658-37665-9_14,Chapter
Security Threats and Defensive Approaches in Machine Learning System Under Big Data Environment,Wireless Personal Communications,,,,10.1007/s11277-021-08284-8,Chen HongsongZhang YongpengCao YongruiBharat Bhargava,2021,https://link.springer.com/article/10.1007/s11277-021-08284-8,Article
Multisensor data fusion-based structural health monitoring for buried metallic pipelines under complicated stress states,Journal of Civil Structural Health Monitoring,,,,10.1007/s13349-022-00609-w,Minghao LiXin Feng,2022,https://link.springer.com/article/10.1007/s13349-022-00609-w,Article
Research on Integrated Solution of Mobile Application Development and Operation in Electric Power Enterprise,"Advances in Natural Computation, Fuzzy Systems and Knowledge Discovery",,,,10.1007/978-3-030-70665-4_45,Jia-xin WangXiao-guang HuangBo HuYing Li,2021,https://link.springer.com/chapter/10.1007/978-3-030-70665-4_45,Conference paper
Securing Build Systems for DevOps,DevSecOps for .NET Core,,,,10.1007/978-1-4842-5850-7_5,Afzaal Ahmad Zeeshan,2020,https://link.springer.com/chapter/10.1007/978-1-4842-5850-7_5,Chapter
The Anatomy of Supply Chain Applications,Supply Chain Software Security,,,,10.1007/979-8-8688-0799-2_3,Aamiruddin Syed,2024,https://link.springer.com/chapter/10.1007/979-8-8688-0799-2_3,Chapter
Scale,Developer Relations,,,,10.1007/978-1-4842-7164-3_21,Caroline LewkoJames Parton,2021,https://link.springer.com/chapter/10.1007/978-1-4842-7164-3_21,Chapter
AI Infrastructure,Future of Networks,,,,10.1007/978-3-031-71440-5_8,Dhiman Deb Chowdhury,2025,https://link.springer.com/chapter/10.1007/978-3-031-71440-5_8,Chapter
Introduction,Oil and Gas Pipeline Infrastructure Insecurity,,,,10.1007/978-3-031-56932-6_1,Abdul L. Abraham Jatto,2024,https://link.springer.com/chapter/10.1007/978-3-031-56932-6_1,Chapter
Predictive digital twin driven trust model for cloud service providers with Fuzzy inferred trust score calculation,Journal of Cloud Computing,,,,10.1186/s13677-024-00694-w,Jomina JohnJohn Singh K,2024,https://link.springer.com/article/10.1186/s13677-024-00694-w,Article
A Novel Approach for Semantic Microservices Description and Discovery Toward Smarter Applications,Machine Intelligence and Smart Systems,,,,10.1007/978-981-16-9650-3_7,Chellammal SurianarayananGopinath GanapathyPethuru Raj Chelliah,2022,https://link.springer.com/chapter/10.1007/978-981-16-9650-3_7,Conference paper
Understanding security tactics in microservice APIs using annotated software architecture decomposition models – a controlled experiment,Empirical Software Engineering,,,,10.1007/s10664-024-10601-1,Patric GenferSouhaila SerboutGeorg SimhandlUwe ZdunCesare Pautasso,2025,https://link.springer.com/article/10.1007/s10664-024-10601-1,Article
What Is Azure Arc?,Azure Arc Systems Management,,,,10.1007/978-1-4842-9480-2_2,Ramona Maxwell,2024,https://link.springer.com/chapter/10.1007/978-1-4842-9480-2_2,Chapter
Corrosion inhibition performance of synergistic inhibitors on Q235 steel in methanol/formic acid medium,Journal of Materials Science,,,,10.1007/s10853-022-07629-3,Jia WangJinyan LiuQian LiuYao Chong,2022,https://link.springer.com/article/10.1007/s10853-022-07629-3,Article
Visualization of&#xa0;Software Development Provenance,Human Interface and the Management of Information,,,,10.1007/978-3-031-60114-9_10,Andreas SchreiberLynn von KurnatowskiAnnika MeineckeClaas de Boer,2024,https://link.springer.com/chapter/10.1007/978-3-031-60114-9_10,Conference paper
Overview of Benefits of Arc in the Enterprise,Azure Arc Systems Management,,,,10.1007/978-1-4842-9480-2_3,Ramona Maxwell,2024,https://link.springer.com/chapter/10.1007/978-1-4842-9480-2_3,Chapter
Prioritizing refactorings for security-critical code,Automated Software Engineering,,,,10.1007/s10515-021-00281-2,Chaima AbidVahid AlizadehMarouane KessentiniMouna DhaouadiRick Kazman,2021,https://link.springer.com/article/10.1007/s10515-021-00281-2,Article
Static Security Compliance Checks,Security Compliance in Model-driven Development of Software Systems in Presence of Long-Term Evolution and Variants,,,,10.1007/978-3-658-37665-9_8,Sven Matthias Peldszus,2022,https://link.springer.com/chapter/10.1007/978-3-658-37665-9_8,Chapter
The Mexican Context,Mexico's Fuel Trafficking Phenomenon,,,,10.1007/978-3-031-70503-8_3,Samuel León Sáez,2025,https://link.springer.com/chapter/10.1007/978-3-031-70503-8_3,Chapter
Edge computing,Computing,,,,10.1007/s00607-022-01104-2,Jorge PérezJessica DíazJavier BerrocalRamón López-VianaÁngel González-Prieto,2022,https://link.springer.com/article/10.1007/s00607-022-01104-2,Article
Modern Software Engineering,DevSecOps for .NET Core,,,,10.1007/978-1-4842-5850-7_1,Afzaal Ahmad Zeeshan,2020,https://link.springer.com/chapter/10.1007/978-1-4842-5850-7_1,Chapter
Planning and Preparing for AVD,Design and Deploy Microsoft Azure Virtual Desktop,,,,10.1007/978-1-4842-7796-6_2,Puthiyavan Udayakumar,2022,https://link.springer.com/chapter/10.1007/978-1-4842-7796-6_2,Chapter
Implementing Comprehensive Security in Your Software Supply Chain,Supply Chain Software Security,,,,10.1007/979-8-8688-0799-2_9,Aamiruddin Syed,2024,https://link.springer.com/chapter/10.1007/979-8-8688-0799-2_9,Chapter
Introduction to IaC and Terraform,Terraform Made Easy,,,,10.1007/979-8-8688-1010-7_1,Ivy Wang,2024,https://link.springer.com/chapter/10.1007/979-8-8688-1010-7_1,Chapter
The Challenges of Enterprise-Scale Hybrid and Multi-cloud Architectures,Azure Arc Systems Management,,,,10.1007/978-1-4842-9480-2_1,Ramona Maxwell,2024,https://link.springer.com/chapter/10.1007/978-1-4842-9480-2_1,Chapter
Optimizing test case prioritization through ranked NSGA-2 for enhanced fault sensitivity analysis,Innovations in Systems and Software Engineering,,,,10.1007/s11334-024-00561-6,Kamal GargShashi Shekhar,2024,https://link.springer.com/article/10.1007/s11334-024-00561-6,Article
DevOps with Security,DevSecOps for .NET Core,,,,10.1007/978-1-4842-5850-7_2,Afzaal Ahmad Zeeshan,2020,https://link.springer.com/chapter/10.1007/978-1-4842-5850-7_2,Chapter
"Software Product System Model: A Customer-Value Oriented, Adaptable, DevOps-Based Product Model",SN Computer Science,,,,10.1007/s42979-021-00899-9,Haluk AltunelBilge Say,2021,https://link.springer.com/article/10.1007/s42979-021-00899-9,Article
On the Empirical Validation of a Zero Trust Security Framework via Group Support System Research,"Proceedings of the Future Technologies Conference (FTC) 2022, Volume 2",,,,10.1007/978-3-031-18458-1_24,Yuri Bobbert,2023,https://link.springer.com/chapter/10.1007/978-3-031-18458-1_24,Conference paper
The Eastern Mediterranean Disputes in the RoC’s Foreign Policy: A Socio-Psychological Account,The Foreign Policy of the Republic of Cyprus,,,,10.1007/978-3-030-91177-5_8,Emine Eminel Sülün,2022,https://link.springer.com/chapter/10.1007/978-3-030-91177-5_8,Chapter
Natural Gas as a Means of Influence,The Palgrave Encyclopedia of Global Security Studies,,,,10.1007/978-3-319-74336-3_640-1,Péter MartonKatarina Sárvári,2020,https://link.springer.com/rwe/10.1007/978-3-319-74336-3_640-1,Living reference work entry
A systematic review on blockchain-based access control systems in cloud environment,Journal of Cloud Computing,,,,10.1186/s13677-024-00697-7,Aarti PuniaPreeti GuliaNasib Singh GillEbuka IbekeCelestine IwendiPiyush Kumar Shukla,2024,https://link.springer.com/article/10.1186/s13677-024-00697-7,Article
Guide 10: Debugging and Troubleshooting TYPO3,The TYPO3 Guidebook,,,,10.1007/978-1-4842-6525-3_14,Felicity BrandHeather McNameeJeffrey A. McGuire,2021,https://link.springer.com/chapter/10.1007/978-1-4842-6525-3_14,Chapter
Data Preprocessing Technology in Pipeline Health Monitoring,Pipeline Inspection and Health Monitoring Technology,,,,10.1007/978-981-19-6798-6_5,Hongfang LuZhao-Dong XuTom IseleyHaoyan PengLingdi Fu,2023,https://link.springer.com/chapter/10.1007/978-981-19-6798-6_5,Chapter
Requirements Engineering for Blockchain Applications in Healthcare,Blockchain Engineering,,,,10.1007/978-981-96-4360-8_9,Muthu Ramachandran,2025,https://link.springer.com/chapter/10.1007/978-981-96-4360-8_9,Chapter
Cloud Empowered Real-Time Virtual Manufacturing Systems,Handbook of Real-Time Computing,,,,10.1007/978-981-4585-87-3_46-1,Sourabh DaniAkhlaqur RahmanJiong JinAmbarish Kulkarni,2022,https://link.springer.com/rwe/10.1007/978-981-4585-87-3_46-1,Living reference work entry
The NetSage measurement and analysis framework in practice,Cluster Computing,,,,10.1007/s10586-021-03417-x,Jennifer M. SchopfKatrina TurnerDan DoyleAndrew LakeJason LeighBrian L. Tierney,2021,https://link.springer.com/article/10.1007/s10586-021-03417-x,Article
Cloud Empowered Real-Time Virtual 3 Manufacturing Systems,Handbook of Real-Time Computing,,,,10.1007/978-981-287-251-7_46,Sourabh DaniAkhlaqur RahmanJiong JinAmbarish Kulkarni,2022,https://link.springer.com/rwe/10.1007/978-981-287-251-7_46,Reference work entry
Disaster reduction stick equipment: A method for monitoring and early warning of pipeline-landslide hazards,Journal of Mountain Science,,,,10.1007/s11629-019-5613-6,Yan YanDa-shen YangDong-xian GengSheng HuZi-ang WangWang HuShu-yao Yin,2019,https://link.springer.com/article/10.1007/s11629-019-5613-6,Article
"Architectural views for social robots in public spaces: business, system, and security strategies",International Journal of Information Security,,,,10.1007/s10207-024-00924-x,Samson OrumaRicardo Colomo-PalaciosVasileios Gkioulos,2024,https://link.springer.com/article/10.1007/s10207-024-00924-x,Article
Performance Monitoring and Debugging,Building Real-Time Marvels with Laravel,,,,10.1007/978-1-4842-9789-6_12,Sivaraj Selvaraj,2024,https://link.springer.com/chapter/10.1007/978-1-4842-9789-6_12,Chapter
General Principles,Safety and Security of Cyber-Physical Systems,,,,10.1007/978-3-658-37182-1_9,Frank J. Furrer,2022,https://link.springer.com/chapter/10.1007/978-3-658-37182-1_9,Chapter
The Importance of Pipeline Transportation,Flow Modelling and Control in Pipeline Systems,,,,10.1007/978-3-030-59246-2_1,Sina RazvarzRaheleh JafariAlexander Gegov,2021,https://link.springer.com/chapter/10.1007/978-3-030-59246-2_1,Chapter
"Performance, portability, productivity, and security in HPC cloud: a systematic literature review",The Journal of Supercomputing,,,,10.1007/s11227-025-07685-x,Mandeep KumarGagandeep KaurPrashant Singh Rana,2025,https://link.springer.com/article/10.1007/s11227-025-07685-x,Article
Analytical solution for upheaval buckling of shallow buried pipelines in inclined cohesionless soil,Journal of Zhejiang University-SCIENCE A,,,,10.1631/jzus.A2000275,Bo HuangJing-wen LiuJi-ying FanDao-sheng Ling,2021,https://link.springer.com/article/10.1631/jzus.A2000275,Article
A risk and conformity assessment framework to ensure security and resilience of healthcare systems and medical supply chain,International Journal of Information Security,,,,10.1007/s10207-025-01009-z,Kitty KioskliElisavet GrigoriouShareeful IslamAndrianos M. YiorkasLoizos ChristofiHaralambos Mouratidis,2025,https://link.springer.com/article/10.1007/s10207-025-01009-z,Article
Microsoft Azure and Cloud Computing,Microsoft Azure,,,,10.1007/978-1-4842-5958-0_1,Julian SohMarshall CopelandAnthony PucaMicheleen Harris,2020,https://link.springer.com/chapter/10.1007/978-1-4842-5958-0_1,Chapter
The Changing Landscape of Oil Insurgency,Punctuated Peace in Nigeria’s Oil Region,,,,10.1007/978-3-030-86327-2_5,Obasesam Okoi,2021,https://link.springer.com/chapter/10.1007/978-3-030-86327-2_5,Chapter
Measuring sustainable development of intelligent tourism service system: analysis on the user’s intention,Environmental Science and Pollution Research,,,,10.1007/s11356-023-25868-y,Yao Zhao,2023,https://link.springer.com/article/10.1007/s11356-023-25868-y,Article
Specializations in Software Engineering Education,Frontiers in Software Engineering Education,,,,10.1007/978-3-031-48639-5_1,Anthony I. (Tony) Wasserman,2023,https://link.springer.com/chapter/10.1007/978-3-031-48639-5_1,Conference paper
Using Clean Architecture Principles to Improve the Design and Implementation of the Mobiles Online Platform,Proceedings of Second International Conference on Sustainable Expert Systems,,,,10.1007/978-981-16-7657-4_2,T. RachovskiS. HadzhikolevaE. HadzhikolevA. Lengerov,2022,https://link.springer.com/chapter/10.1007/978-981-16-7657-4_2,Conference paper
Building an OWL Ontology Step By Step for Lean-Based Software Development,Applied Technologies,,,,10.1007/978-3-030-71503-8_46,Sandra Gutierrez-RiosJosé Manuel Gómez PulidoMiguel Vargas-Lombardo,2021,https://link.springer.com/chapter/10.1007/978-3-030-71503-8_46,Conference paper
Cost Optimization in MLOps,The Definitive Guide to Machine Learning Operations in AWS,,,,10.1007/979-8-8688-1076-3_7,Neel SendasDeepali Rajale,2024,https://link.springer.com/chapter/10.1007/979-8-8688-1076-3_7,Chapter
Additional Workload Architectural Considerations,Infrastructure Leader’s Guide to Google Cloud,,,,10.1007/978-1-4842-8820-7_27,Jeremy Lloyd,2023,https://link.springer.com/chapter/10.1007/978-1-4842-8820-7_27,Chapter
SmartTrust: a hybrid deep learning framework for real-time threat detection in cloud environments using Zero-Trust Architecture,Journal of Cloud Computing,,,,10.1186/s13677-025-00764-7,Umesh Kumar LilhoreSarita SimaiyaRoobaea AlroobaeaAbdullah M. BaqasahMajed AlsafyaniAfnan AlhazmiMd Monish Khan,2025,https://link.springer.com/article/10.1186/s13677-025-00764-7,Article
Technological Catalysts in Innovation&#xa0;Strategy Implementation,"Data, Disruption & Digital Leadership",,,,10.1007/978-3-658-41601-0_6,Philipp FutterknechtTobias Hertfelder,2023,https://link.springer.com/chapter/10.1007/978-3-658-41601-0_6,Chapter
"The Politics of Water Rights: Scarcity, Sovereignty and Security","Water, Governance, and Crime Issues",,,,10.1007/978-3-030-44798-4_2,Avi BrismanBill McClanahanNigel SouthReece Walters,2020,https://link.springer.com/chapter/10.1007/978-3-030-44798-4_2,Chapter
The Integration of Compliance with Protective Security (PS),Protective Security,,,,10.1007/978-1-4842-6908-4_4,Jim Seaman,2021,https://link.springer.com/chapter/10.1007/978-1-4842-6908-4_4,Chapter
Innovative Application of Big Data Technology in Southwest Pipeline Information System,Proceedings of the International Field Exploration and Development Conference 2018,,,,10.1007/978-981-13-7127-1_60,Heng-Bin WangDong-Chao LiuYan Meng,2020,https://link.springer.com/chapter/10.1007/978-981-13-7127-1_60,Conference paper
"Designing, Planning, and Prototyping a Google Cloud Network",Google Cloud Platform (GCP) Professional Cloud Network Engineer Certification Companion,,,,10.1007/978-1-4842-9354-6_2,Dario Cabianca,2023,https://link.springer.com/chapter/10.1007/978-1-4842-9354-6_2,Chapter
Liquefied Natural Gas (LNG),The Palgrave Encyclopedia of Global Security Studies,,,,10.1007/978-3-319-74336-3_509-1,Yuanyuan Chen,2020,https://link.springer.com/rwe/10.1007/978-3-319-74336-3_509-1,Living reference work entry
Atmospheric politics: protest drones and the ambiguity of airspace,Digital War,,,,10.1057/s42984-020-00005-y,Caren Kaplan,2020,https://link.springer.com/article/10.1057/s42984-020-00005-y,Article
A Front-End Framework Selection Assistance System with Customizable Quantification Indicators Based on Analysis of Repository and Community Data,"Big-Data-Analytics in Astronomy, Science, and Engineering",,,,10.1007/978-3-030-96600-3_4,Koichi KiyokawaQun Jin,2022,https://link.springer.com/chapter/10.1007/978-3-030-96600-3_4,Conference paper
Automating Program Transformation with&#xa0;Coccinelle,NASA Formal Methods,,,,10.1007/978-3-031-06773-0_4,Julia LawallGilles Muller,2022,https://link.springer.com/chapter/10.1007/978-3-031-06773-0_4,Conference paper
Energy Security (Dilemmas),The Palgrave Encyclopedia of Global Security Studies,,,,10.1007/978-3-319-74336-3_498-1,Martin Scott Catino,2020,https://link.springer.com/rwe/10.1007/978-3-319-74336-3_498-1,Living reference work entry
An Empirical Investigation of Agile Information Systems Development for Cybersecurity,Information Systems,,,,10.1007/978-3-030-95947-0_40,Abdulhamid A. ArdoJulian M. BassTarek Gaber,2022,https://link.springer.com/chapter/10.1007/978-3-030-95947-0_40,Conference paper
Testing in DevOps,The Future of Software Quality Assurance,,,,10.1007/978-3-030-29509-7_3,Frank Faber,2020,https://link.springer.com/chapter/10.1007/978-3-030-29509-7_3,Chapter
Geopolitics and Gas-Transit Security Through Pipelines,Regulations in the Energy Industry,,,,10.1007/978-3-030-32296-0_6,Volkan Ş. EdigerJohn V. BowlusMustafa Aydın,2020,https://link.springer.com/chapter/10.1007/978-3-030-32296-0_6,Chapter
Task-Specific Automation in Deep Learning Processes,Database and Expert Systems Applications - DEXA 2021 Workshops,,,,10.1007/978-3-030-87101-7_16,Georg BuchgeherGerald CzechAdriano Souza RibeiroWerner KloihoferPaolo MeloniPaola BusiaGianfranco DeriuMaura PintorBattista BiggioCristina ChestaLuca RinelliDavid SolansManuel Portela,2021,https://link.springer.com/chapter/10.1007/978-3-030-87101-7_16,Conference paper
"Nigeria: Militancy, Insurgency and the Proliferation of Small Arms and Light Weapon",The Palgrave Handbook of Small Arms and Conflicts in Africa,,,,10.1007/978-3-030-62183-4_37,Freedom Chukwudi OnuohaJoachim Chukwuma OkaforOsinimu Osebeba Femi-Adedayo,2021,https://link.springer.com/chapter/10.1007/978-3-030-62183-4_37,Chapter
Performance Testing Tasks,Performance Testing,,,,10.1007/978-1-4842-7255-8_4,Keith Yorkston,2021,https://link.springer.com/chapter/10.1007/978-1-4842-7255-8_4,Chapter
A Review on Different Pipeline Defect Detection Techniques,Flow Modelling and Control in Pipeline Systems,,,,10.1007/978-3-030-59246-2_2,Sina RazvarzRaheleh JafariAlexander Gegov,2021,https://link.springer.com/chapter/10.1007/978-3-030-59246-2_2,Chapter
Patterns Related to Microservice Architecture: a Multivocal Literature Review,Programming and Computer Software,,,,10.1134/S0361768820080253,J. A. ValdiviaA. Lora-GonzálezX. LimónK. Cortes-VerdinJ.O. Ocharán-Hernández,2020,https://link.springer.com/article/10.1134/S0361768820080253,Article
AVS_FD_MVITS: an agile IT service design workflow for small data centers,The Journal of Supercomputing,,,,10.1007/s11227-023-05244-w,Manuel MoraOlayele AdelakunPaola Yuritzy Reyes-DelgadoOswaldo Diaz,2023,https://link.springer.com/article/10.1007/s11227-023-05244-w,Article
Extracting Legitimacy: An Analysis of Corporate Responses to Accusations of Human Rights Abuses,Journal of Business Ethics,,,,10.1007/s10551-020-04678-z,Rajiv MaherMoritz NeumannMette Slot Lykke,2021,https://link.springer.com/article/10.1007/s10551-020-04678-z,Article
"Virtualization, Cloudification, and Service Orientation of Network: A Systematic Review",Journal of Computer Science and Technology,,,,10.1007/s11390-024-4817-6,Shuo QuanShen GaoJian-Song ZhangJie Wu,2025,https://link.springer.com/article/10.1007/s11390-024-4817-6,Article
"An Overview of Cybersecurity for Natural Gas Networks: Attacks, Attack Assessment, and Attack Detection",Security in Cyber-Physical Systems,,,,10.1007/978-3-030-67361-1_9,Zisheng WangBining ZhaoRick S. Blum,2021,https://link.springer.com/chapter/10.1007/978-3-030-67361-1_9,Chapter
Safe Software and Secure Software,Safety and Security of Cyber-Physical Systems,,,,10.1007/978-3-658-37182-1_5,Frank J. Furrer,2022,https://link.springer.com/chapter/10.1007/978-3-658-37182-1_5,Chapter
Standing for Stability in the Middle East: The Case of Iraq,The Quest for a New International Aid Architecture,,,,10.1007/978-3-030-50442-7_14,Hatice Karahan,2020,https://link.springer.com/chapter/10.1007/978-3-030-50442-7_14,Chapter
Interviews and Case Studies,Achieving DevOps,,,,10.1007/978-1-4842-4388-6_9,Dave HarrisonKnox Lively,2019,https://link.springer.com/chapter/10.1007/978-1-4842-4388-6_9,Chapter
Manageable and Scalable Manufacturing IT Through an App Based Approach,"Advances in Manufacturing, Production Management and Process Control",,,,10.1007/978-3-030-20494-5_2,Christian KnechtAndreas SchullerAndrei Miclaus,2020,https://link.springer.com/chapter/10.1007/978-3-030-20494-5_2,Conference paper
Empirical Findings of Assessment of Critical Infrastructure Degree of Dependency on ICT,Cybersecurity in Emerging Digital Era,,,,10.1007/978-3-030-84842-2_1,Uche Magnus MbanasoVictor Emmanuel Kulugh,2021,https://link.springer.com/chapter/10.1007/978-3-030-84842-2_1,Conference paper
The Evolution of Cybersecurity within the American Financial Sector,Countering Cyber Threats to Financial Institutions,,,,10.1007/978-3-030-54054-8_3,Pierre-Luc PomerleauDavid L. Lowery,2020,https://link.springer.com/chapter/10.1007/978-3-030-54054-8_3,Chapter
"Refining in Nigeria: history, challenges and prospects",Applied Petrochemical Research,,,,10.1007/s13203-018-0211-z,Anthony Ogbuigwe,2018,https://link.springer.com/article/10.1007/s13203-018-0211-z,Article
SODALITE@RT: Orchestrating Applications on Cloud-Edge Infrastructures,Journal of Grid Computing,,,,10.1007/s10723-021-09572-0,Indika KumaraPaul MundtKamil TokmakovDragan RadolovićAlexander MaslennikovRomán Sosa GonzálezJorge Fernández FabeiroGiovanni QuattrocchiKalman MethElisabetta Di NittoDamian A. TamburriWillem-Jan Van Den HeuvelGeorgios Meditskos,2021,https://link.springer.com/article/10.1007/s10723-021-09572-0,Article
Critical Infrastructures,Cyber-Security in Critical Infrastructures,,,,10.1007/978-3-030-46908-5_2,Stefan RassStefan SchauerSandra KönigQuanyan Zhu,2020,https://link.springer.com/chapter/10.1007/978-3-030-46908-5_2,Chapter
Quality and Testing,Mastering Salesforce DevOps,,,,10.1007/978-1-4842-5473-8_8,Andrew Davis,2019,https://link.springer.com/chapter/10.1007/978-1-4842-5473-8_8,Chapter
"Principal Regional Hydrocarbon Actors: Turkey, Israel, Egypt and Northern Iraq (KRG)",Modern Geopolitics of Eastern Mediterranean Hydrocarbons in an Age of Energy Transformation,,,,10.1007/978-3-030-43585-1_4,Ozay MehmetVedat Yorucu,2020,https://link.springer.com/chapter/10.1007/978-3-030-43585-1_4,Chapter
Design and Deploy Azure IoT Networks,Design and Deploy IoT Network & Security with Microsoft Azure,,,,10.1007/979-8-8688-0908-8_3,Puthiyavan UdayakumarDr. R Anandan,2024,https://link.springer.com/chapter/10.1007/979-8-8688-0908-8_3,Chapter
A Comparative Analysis Approach for Deriving Failure Scenarios in the Natural Gas Distribution Infrastructure,Critical Infrastructure Protection XIII,,,,10.1007/978-3-030-34647-8_2,Michael LocastoDavid Balenson,2019,https://link.springer.com/chapter/10.1007/978-3-030-34647-8_2,Conference paper
Digital Transformation to Next-Generation Workplaces,Build a Next-Generation Digital Workplace,,,,10.1007/978-1-4842-5512-4_8,Shailesh Kumar Shivakumar,2020,https://link.springer.com/chapter/10.1007/978-1-4842-5512-4_8,Chapter
The Abyss Stares Back,Achieving DevOps,,,,10.1007/978-1-4842-4388-6_1,Dave HarrisonKnox Lively,2019,https://link.springer.com/chapter/10.1007/978-1-4842-4388-6_1,Chapter
Management,Leadership Paradigms for Remote Agile Development,,,,10.1007/978-1-4842-8719-4_3,Benjamin JakobusPedro Henrique Lobato SenaClaudio Souza,2022,https://link.springer.com/chapter/10.1007/978-1-4842-8719-4_3,Chapter
"ENACT: Development, Operation, and Quality Assurance of Trustworthy Smart IoT Systems",Software Engineering Aspects of Continuous Development and New Paradigms of Software Production and Deployment,,,,10.1007/978-3-030-06019-0_9,Nicolas FerryArnor SolbergHui SongStéphane LavirotteJean-Yves TigliThierry WinterVictor Muntés-MuleroAndreas MetzgerErkuden Rios VelascoAmaia Castelruiz Aguirre,2019,https://link.springer.com/chapter/10.1007/978-3-030-06019-0_9,Conference paper
CAVAS: Neutralizing Application and Container Security Vulnerabilities in the Cloud Native Era,Security and Privacy in Communication Networks,,,,10.1007/978-3-030-01701-9_26,Kennedy A. TorkuraMuhammad I. H. SukmanaFeng ChengChristoph Meinel,2018,https://link.springer.com/chapter/10.1007/978-3-030-01701-9_26,Conference paper
"Out of sight, out of mind? How vulnerable dependencies affect open-source projects",Empirical Software Engineering,,,,10.1007/s10664-021-09959-3,Gede Artha Azriadi PranaAbhishek SharmaLwin Khin SharDarius FooAndrew E. SantosaAsankhaya SharmaDavid Lo,2021,https://link.springer.com/article/10.1007/s10664-021-09959-3,Article
Chinese Foreign Policy: Formation and Implementation,Competition and Compromise among Chinese Actors in Africa,,,,10.1007/978-981-13-8813-2_5,Niall Duggan,2020,https://link.springer.com/chapter/10.1007/978-981-13-8813-2_5,Chapter
In and Against the State: The Dynamics of Environmental Activism,Critical Criminology,,,,10.1007/s10612-019-09432-0,Olivia HaslerReece WaltersRob White,2019,https://link.springer.com/article/10.1007/s10612-019-09432-0,Article
Designing and Planning with TYPO3,The TYPO3 Guidebook,,,,10.1007/978-1-4842-6525-3_2,Felicity BrandHeather McNameeJeffrey A. McGuire,2021,https://link.springer.com/chapter/10.1007/978-1-4842-6525-3_2,Chapter
Domestic and Global Logistics,Strategic Supply Chain Management,,,,10.1007/978-3-030-15058-7_7,Syed Abdul Rehman KhanZhang Yu,2019,https://link.springer.com/chapter/10.1007/978-3-030-15058-7_7,Chapter
Besieging the Mountain,Achieving DevOps,,,,10.1007/978-1-4842-4388-6_4,Dave HarrisonKnox Lively,2019,https://link.springer.com/chapter/10.1007/978-1-4842-4388-6_4,Chapter
"The World with Future Technologies (Post-COVID-19): Open Issues, Challenges, and the Road Ahead",Intelligent Interactive Multimedia Systems for e-Healthcare Applications,,,,10.1007/978-981-16-6542-4_22,A. V. Shreyas MadhavAmit Kumar Tyagi,2022,https://link.springer.com/chapter/10.1007/978-981-16-6542-4_22,Chapter
Digital Workplace Maintenance and Governance,Build a Next-Generation Digital Workplace,,,,10.1007/978-1-4842-5512-4_11,Shailesh Kumar Shivakumar,2020,https://link.springer.com/chapter/10.1007/978-1-4842-5512-4_11,Chapter
On using Stack Overflow comment-edit pairs to recommend code maintenance changes,Empirical Software Engineering,,,,10.1007/s10664-021-09954-8,Henry TangSarah Nadi,2021,https://link.springer.com/article/10.1007/s10664-021-09954-8,Article
Orchestration from the Cloud to the Edge,The Cloud-to-Thing Continuum,,,,10.1007/978-3-030-41110-7_4,Sergej SvorobejMalika BendechacheFrank GriesingerJörg Domaschka,2020,https://link.springer.com/chapter/10.1007/978-3-030-41110-7_4,Chapter
Robust optimization and mixed-integer linear programming model for LNG supply chain planning problem,Soft Computing,,,,10.1007/s00500-019-04010-6,Arun Kumar SangaiahErfan Babaee TirkolaeeAlireza GoliSaeed Dehnavi-Arani,2019,https://link.springer.com/article/10.1007/s00500-019-04010-6,Article
Emergence of a Think Tank and a Rising Power on the World Stage: China Institute of International Studies,"Think Tanks, Foreign Policy and the Emerging Powers",,,,10.1007/978-3-319-60312-4_10,Longdi Xu,2019,https://link.springer.com/chapter/10.1007/978-3-319-60312-4_10,Chapter
Security and Pipelines,Practical App Development with Aurelia,,,,10.1007/978-1-4842-3402-0_4,Matthew Duffield,2018,https://link.springer.com/chapter/10.1007/978-1-4842-3402-0_4,Chapter
"A conceptual framework for resilience: fundamental definitions, strategies and metrics",Computing,,,,10.1007/s00607-020-00874-x,Jesper AnderssonVincenzo GrassiRaffaela MirandolaDiego Perez-Palacin,2020,https://link.springer.com/article/10.1007/s00607-020-00874-x,Article
Web Performance Monitoring and Infrastructure Planning,Modern Web Performance Optimization,,,,10.1007/978-1-4842-6528-4_7,Shailesh Kumar Shivakumar,2020,https://link.springer.com/chapter/10.1007/978-1-4842-6528-4_7,Chapter
"Software engineering techniques for statically analyzing mobile apps: research trends, characteristics, and potential for industrial adoption",Journal of Internet Services and Applications,,,,10.1186/s13174-021-00134-x,Marco AutiliIvano MalavoltaAlexander PerucciGian Luca ScocciaRoberto Verdecchia,2021,https://link.springer.com/article/10.1186/s13174-021-00134-x,Article
Airline Application Security in the Digital Economy: Tackling Security Challenges for Distributed Applications in Lufthansa Systems,Digitalization Cases,,,,10.1007/978-3-319-95273-4_3,Balázs SomoskőiStefan SpahrErkuden RiosOscar RipollesJacek DominiakTamás CservenyPéter BálintPeter MatthewsEider IturbeVictor Muntés-Mulero,2019,https://link.springer.com/chapter/10.1007/978-3-319-95273-4_3,Chapter
Going Atmospheric and Elemental: Roger Moore’s and Timothy Dalton’s James Bond and Cold War Geo-Politics,Media and the Cold War in the 1980s,,,,10.1007/978-3-319-98382-0_4,Klaus DoddsLisa Funnell,2019,https://link.springer.com/chapter/10.1007/978-3-319-98382-0_4,Chapter
Recent Advances in Health Monitoring and Assessment of In-service Oil and Gas Buried Pipelines,Journal of The Institution of Engineers (India): Series A,,,,10.1007/s40030-018-0316-5,B. Arun SundaramK. KesavanS. Parivallal,2018,https://link.springer.com/article/10.1007/s40030-018-0316-5,Article
The Fatal Attraction of Civil War: Violence and the Oil Sector in Arauca,Civil War and Uncivil Development,,,,10.1007/978-3-319-66580-1_4,David Maher,2018,https://link.springer.com/chapter/10.1007/978-3-319-66580-1_4,Chapter
An energy ratio feature extraction method for optical fiber vibration signal,Photonic Sensors,,,,10.1007/s13320-017-0478-1,Zhiyong ShengXinyan ZhangYanping WangWeiming HouDan Yang,2017,https://link.springer.com/article/10.1007/s13320-017-0478-1,Article
Conclusion,"Water, Crime and Security in the Twenty-First Century",,,,10.1057/978-1-137-52986-2_8,Avi BrismanBill McClanahanNigel SouthReece Walters,2018,https://link.springer.com/chapter/10.1057/978-1-137-52986-2_8,Chapter
Addressed Challenges,Managed Software Evolution,,,,10.1007/978-3-030-13499-0_3,Reiner JungLukas MärtinJan Ole JohanssenBarbara PaechMalte LochauThomas ThümKurt SchneiderMatthias TichyMattias Ulbrich,2019,https://link.springer.com/chapter/10.1007/978-3-030-13499-0_3,Chapter
Developing a Spiral Curriculum for Teaching Agile at the National Software Academy,Agile and Lean Concepts for Teaching and Learning,,,,10.1007/978-981-13-2751-3_15,James OsborneWendy IvinsCarl Jones,2019,https://link.springer.com/chapter/10.1007/978-981-13-2751-3_15,Chapter
Coding Architecture,Pro SQL Server Relational Database Design and Implementation,,,,10.1007/978-1-4842-6497-3_13,Louis Davidson,2021,https://link.springer.com/chapter/10.1007/978-1-4842-6497-3_13,Chapter
Digital Project Management Best Practices,Complete Guide to Digital Project Management,,,,10.1007/978-1-4842-3417-4_11,Shailesh Kumar Shivakumar,2018,https://link.springer.com/chapter/10.1007/978-1-4842-3417-4_11,Chapter
"ER<sup>2</sup>C SDMLC: <Emphasis Type=""Underline"">e</Emphasis>nterprise <Emphasis Type=""Underline"">r</Emphasis>elease <Emphasis Type=""Underline"">r</Emphasis>isk-<Emphasis Type=""Underline"">c</Emphasis>entric <Emphasis Type=""Underline"">s</Emphasis>ystems <Emphasis Type=""Underline"">d</Emphasis>evelopment and <Emphasis Type=""Underline"">m</Emphasis>aintenance <Emphasis Type=""Underline"">l</Emphasis>ife <Emphasis Type=""Underline"">c</Emphasis>ycle",Software Quality Journal,,,,10.1007/s11219-019-09452-7,Hamish Sadler,2019,https://link.springer.com/article/10.1007/s11219-019-09452-7,Article
Implementation of Genome Sequencing Assays,Genomic Applications in Pathology,,,,10.1007/978-3-319-96830-8_18,Tina M. HambuchKeith NykampCarri-Lyn Rebecca Mead,2019,https://link.springer.com/chapter/10.1007/978-3-319-96830-8_18,Chapter
Quality-Aware Rapid Software Development Project: The Q-Rapids Project,Software Technology: Methods and Tools,,,,10.1007/978-3-030-29852-4_32,Xavier FranchLidia LopezSilverio Martínez-FernándezMarc OriolPilar RodríguezAdam Trendowicz,2019,https://link.springer.com/chapter/10.1007/978-3-030-29852-4_32,Conference paper
Characterizing the evolution of statically-detectable performance issues of Android apps,Empirical Software Engineering,,,,10.1007/s10664-019-09798-3,Teerath DasMassimiliano Di PentaIvano Malavolta,2020,https://link.springer.com/article/10.1007/s10664-019-09798-3,Article
E-government multimedia big data platform for disaster management,Multimedia Tools and Applications,,,,10.1007/s11042-017-5119-6,Zhihan LvXiaoming LiKim-Kwang Raymond Choo,2017,https://link.springer.com/article/10.1007/s11042-017-5119-6,Article
Ground Network Security,Space-Air-Ground Integrated Network Security,,,,10.1007/978-981-99-1125-7_3,Jianwei LiuLin BaiChunxiao JiangWei Zhang,2023,https://link.springer.com/chapter/10.1007/978-981-99-1125-7_3,Chapter
Introduction,The EU’s Neighbourhood Policy towards the South Caucasus,,,,10.1007/978-3-319-65792-9_1,Licínia Simão,2018,https://link.springer.com/chapter/10.1007/978-3-319-65792-9_1,Chapter
Digital Project Execution,Complete Guide to Digital Project Management,,,,10.1007/978-1-4842-3417-4_6,Shailesh Kumar Shivakumar,2018,https://link.springer.com/chapter/10.1007/978-1-4842-3417-4_6,Chapter
Conclusion and Future Research,Model-Driven Development and Operation of Multi-Cloud Applications,,,,10.1007/978-3-319-46031-4_16,Arnor SolbergPeter Matthews,2017,https://link.springer.com/chapter/10.1007/978-3-319-46031-4_16,Chapter
Smart Home-based IoT for Real-time and Secure Remote Health Monitoring of Triage and Priority System using Body Sensors: Multi-driven Systematic Review,Journal of Medical Systems,,,,10.1007/s10916-019-1158-z,Mohammed TalalA. A. ZaidanB. B. ZaidanA. S. AlbahriA. H. AlamoodiO. S. AlbahriM. A. AlsalemC. K LimK. L. TanW. L. ShirK. I. Mohammed,2019,https://link.springer.com/article/10.1007/s10916-019-1158-z,Article
Measuring Illicit Trade and Its Wider Impact,Organized Crime and Illicit Trade,,,,10.1007/978-3-319-72968-8_4,Karl Lallerstedt,2018,https://link.springer.com/chapter/10.1007/978-3-319-72968-8_4,Chapter
Digital Project Planning,Complete Guide to Digital Project Management,,,,10.1007/978-1-4842-3417-4_3,Shailesh Kumar Shivakumar,2018,https://link.springer.com/chapter/10.1007/978-1-4842-3417-4_3,Chapter
Digital Transformation: A Project Management Case Study,Complete Guide to Digital Project Management,,,,10.1007/978-1-4842-3417-4_17,Shailesh Kumar Shivakumar,2018,https://link.springer.com/chapter/10.1007/978-1-4842-3417-4_17,Chapter
An empirical study of patch uplift in rapid release development pipelines,Empirical Software Engineering,,,,10.1007/s10664-018-9665-y,Marco CastelluccioLe AnFoutse Khomh,2018,https://link.springer.com/article/10.1007/s10664-018-9665-y,Article
The Struggle of Indigenous Americans: A Socio-Historical View,Handbook of the Sociology of Racial and Ethnic Relations,,,,10.1007/978-3-319-76757-4_2,James V. Fenelon,2018,https://link.springer.com/chapter/10.1007/978-3-319-76757-4_2,Chapter
Digital Project Management Case Studies,Complete Guide to Digital Project Management,,,,10.1007/978-1-4842-3417-4_16,Shailesh Kumar Shivakumar,2018,https://link.springer.com/chapter/10.1007/978-1-4842-3417-4_16,Chapter
DevOps: Foundations and Its Utilization in Data Center,Engineering and Management of Data Centers,,,,10.1007/978-3-319-65082-1_10,Mirna MuñozOswaldo Díaz,2017,https://link.springer.com/chapter/10.1007/978-3-319-65082-1_10,Chapter
Quality Requirements in Large-Scale Distributed Agile Projects – A Systematic Literature Review,Requirements Engineering: Foundation for Software Quality,,,,10.1007/978-3-319-54045-0_17,Wasim AlsaqafMaya DanevaRoel Wieringa,2017,https://link.springer.com/chapter/10.1007/978-3-319-54045-0_17,Conference paper
Digital Project Estimation and Pricing,Complete Guide to Digital Project Management,,,,10.1007/978-1-4842-3417-4_4,Shailesh Kumar Shivakumar,2018,https://link.springer.com/chapter/10.1007/978-1-4842-3417-4_4,Chapter
Designing Systems,The Full Stack Developer,,,,10.1007/978-1-4842-4152-3_4,Chris Northwood,2018,https://link.springer.com/chapter/10.1007/978-1-4842-4152-3_4,Chapter
Defining the e-learner’s security profile: Towards awareness improvement,Sādhanā,,,,10.1007/s12046-016-0478-7,Marjan MiloševićDanijela Milošević,2016,https://link.springer.com/article/10.1007/s12046-016-0478-7,Article
How Can Quality Awareness Support Rapid Software Development? – A Research Preview,Requirements Engineering: Foundation for Software Quality,,,,10.1007/978-3-319-54045-0_12,Liliana GuzmánMarc OriolPilar RodríguezXavier FranchAndreas JedlitschkaMarkku Oivo,2017,https://link.springer.com/chapter/10.1007/978-3-319-54045-0_12,Conference paper
"Natural Gas or Clean Coal in the Post-311 Scenario? A Narrative Analysis, Historical Overview and Selected Public Policy Commentary of Japan and Other Comparative Case Studies",Energy Transitions in Japan and China,,,,10.1007/978-981-10-1681-3_9,Tai Wei Lim,2017,https://link.springer.com/chapter/10.1007/978-981-10-1681-3_9,Chapter
Performance Analysis and Performance Testing,Pro .NET Benchmarking,,,,10.1007/978-1-4842-4941-3_5,Andrey Akinshin,2019,https://link.springer.com/chapter/10.1007/978-1-4842-4941-3_5,Chapter
App Update Patterns: How Developers Act on User Reviews in Mobile App Stores,Service-Oriented Computing,,,,10.1007/978-3-319-69035-3_9,Shance WangZhongjie WangXiaofei XuQuan Z. Sheng,2017,https://link.springer.com/chapter/10.1007/978-3-319-69035-3_9,Conference paper
Cybersecurity: How Security Vulnerabilities Affect Your Business,Cyber Security on Azure,,,,10.1007/978-1-4842-2740-4_1,Marshall Copeland,2017,https://link.springer.com/chapter/10.1007/978-1-4842-2740-4_1,Chapter
The system of the ecological monitoring of environment which is based on the usage of UAV,Russian Journal of Ecology,,,,10.1134/S1067413615010038,A. S. DanilovUr. D. SmirnovM. A. Pashkevich,2015,https://link.springer.com/article/10.1134/S1067413615010038,Article
Analysis of Electromagnetic Interference Effects on Gas Pipelines Due to a Nearby Parallel UHV Transmission Line,Proceedings of the Second International Conference on Mechatronics and Automatic Control,,,,10.1007/978-3-319-13707-0_48,Jingzhuo ZhangXishan WenWei LiHailiang LuYu Liu,2015,https://link.springer.com/chapter/10.1007/978-3-319-13707-0_48,Conference paper
"Flood recovery and property acquisition in Cedar Rapids, Iowa",Natural Hazards,,,,10.1007/s11069-015-2060-8,Eric TateAaron StrongTravis KrausHaoyi Xiong,2015,https://link.springer.com/article/10.1007/s11069-015-2060-8,Article
Addressing pipeline security regime of the prospective regional energy hub Turkey,Security Journal,,,,10.1057/sj.2012.38,Emre İşeri,2012,https://link.springer.com/article/10.1057/sj.2012.38,Article
Implementation of Genome Sequencing Assays,Genomic Applications in Pathology,,,,10.1007/978-1-4939-0727-4_17,Tina M. HambuchCarri-Lyn Mead,2015,https://link.springer.com/chapter/10.1007/978-1-4939-0727-4_17,Chapter
Study on Monitoring System for Pipeline Security Based on Multi-Sensor Data Fusion Technique,Proceedings of the 2012 International Conference on Information Technology and Software Engineering,,,,10.1007/978-3-642-34528-9_83,Jie Zhang,2013,https://link.springer.com/chapter/10.1007/978-3-642-34528-9_83,Conference paper
TRUSTIE: A Software Development Platform for Crowdsourcing,Crowdsourcing,,,,10.1007/978-3-662-47011-4_10,Huaimin WangGang YinXiang LiXiao Li,2015,https://link.springer.com/chapter/10.1007/978-3-662-47011-4_10,Chapter
Organisatorische (Web-)Anwendungssicherheit,Sicherheit von Webanwendungen in der Praxis,,,,10.1007/978-3-658-03851-9_5,Matthias Rohr,2015,https://link.springer.com/chapter/10.1007/978-3-658-03851-9_5,Chapter
Niger Delta Overview,Violence in Nigeria,,,,10.1007/978-3-319-14935-6_2,Patricia TaftNate Haken,2015,https://link.springer.com/chapter/10.1007/978-3-319-14935-6_2,Chapter
Effect of pH value on stress corrosion cracking of X70 pipeline steel in acidic soil environment,Acta Metallurgica Sinica (English Letters),,,,10.1007/s40195-012-0216-z,Zhiyong LiuCuiwei DuXin ZhangFuming WangXiaogang Li,2013,https://link.springer.com/article/10.1007/s40195-012-0216-z,Article
The Role of Natural Gas in the Regional Electricity Generation,Electrical Energy Generation in Europe,,,,10.1007/978-3-319-08401-5_3,Jorge Morales Pedraza,2015,https://link.springer.com/chapter/10.1007/978-3-319-08401-5_3,Chapter
Performance,Android Best Practices,,,,10.1007/978-1-4302-5858-2_3,Godfrey NolanOnur CinarDavid Truxall,2014,https://link.springer.com/chapter/10.1007/978-1-4302-5858-2_3,Chapter
Thailand’s Security of Energy Supply: Import Dependency Vulnerability Assessment,Zero-Carbon Energy Kyoto 2012,,,,10.1007/978-4-431-54264-3_5,Kamonphorn KanchanaHironobu Unesaki,2013,https://link.springer.com/chapter/10.1007/978-4-431-54264-3_5,Conference paper
Introduction,Quad Rotorcraft Control,,,,10.1007/978-1-4471-4399-4_1,Luis Rodolfo García CarrilloAlejandro Enrique Dzul LópezRogelio LozanoClaude Pégard,2013,https://link.springer.com/chapter/10.1007/978-1-4471-4399-4_1,Chapter
Due Process and the World Bank’s Inspection Panel,Energy & Ethics,,,,10.1057/9781137298669_4,Benjamin K. Sovacool,2013,https://link.springer.com/chapter/10.1057/9781137298669_4,Chapter
Challenges for Migrating to the Service Cloud Paradigm: An Agile Perspective,Web Information Systems Engineering – WISE 2011 and 2012 Workshops,,,,10.1007/978-3-642-38333-5_10,Stavros StavruIva KrastevaSylvia Ilieva,2013,https://link.springer.com/chapter/10.1007/978-3-642-38333-5_10,Conference paper
Testing Perspectives for Cloud-Based Applications,Software Engineering Frameworks for the Cloud Computing Paradigm,,,,10.1007/978-1-4471-5031-2_7,Inderveer ChanaPriyanka Chawla,2013,https://link.springer.com/chapter/10.1007/978-1-4471-5031-2_7,Chapter
Inter-Organizational Processes,Enterprise Systems Integration,,,,10.1007/978-3-642-40796-3_12,Diogo R. Ferreira,2013,https://link.springer.com/chapter/10.1007/978-3-642-40796-3_12,Chapter
Private Financing of the Military: A Local Political Economy Approach,Studies in Comparative International Development,,,,10.1007/s12116-012-9119-2,Maiah Jaskoski,2012,https://link.springer.com/article/10.1007/s12116-012-9119-2,Article
TePiTri: A screening method for assessing terrorist-related pipeline transport risks,Security Journal,,,,10.1057/sj.2011.17,Genserik ReniersWout Dullaert,2011,https://link.springer.com/article/10.1057/sj.2011.17,Article
Distributed optical fiber vibration sensing system based on polarization detection,Optoelectronics Letters,,,,10.1007/s11801-011-1049-0,Jia LiuJin-long YuJing-zhong GuoChao GaoWen-rui WangEn-ze Yang,2011,https://link.springer.com/article/10.1007/s11801-011-1049-0,Article
Quality Needs Structure: Industrial Experiences in Systematically Defining Software Security Requirements,Software Quality. Process Automation in Software Development,,,,10.1007/978-3-642-27213-4_15,Christian FrühwirthRichard Mordinyi,2012,https://link.springer.com/chapter/10.1007/978-3-642-27213-4_15,Conference paper
Transportation,Critical Infrastructure Protection,,,,10.1007/978-3-642-28920-0_14,Mark HartongRajn GoelDuminda Wijesekera,2012,https://link.springer.com/chapter/10.1007/978-3-642-28920-0_14,Chapter
"Asset Criticality in European Gas Pipeline Systems – Increasing Challenges for NATO, Its Member States and Industrial Protection of Critical Energy Infrastructure",Energy Security,,,,10.1007/978-94-007-0719-1_14,Frank UmbachUwe Nerlich,2011,https://link.springer.com/chapter/10.1007/978-94-007-0719-1_14,Conference paper
"Positioning Norm, Principle and Interest in Chinese Foreign Policy —— The Case of the Myanmar Issue",East Asia,,,,10.1007/s12140-011-9139-y,Ren Xiao,2011,https://link.springer.com/article/10.1007/s12140-011-9139-y,Article
Node-First Causal Network Extraction for Trend Analysis Based on Web Mining,Knowlege-Based and Intelligent Information and Engineering Systems,,,,10.1007/978-3-642-23863-5_7,Hideki KawaiKatsumi TanakaKazuo KuniedaKeiji Yamada,2011,https://link.springer.com/chapter/10.1007/978-3-642-23863-5_7,Conference paper
"Onions, Pyramids &amp; Loops – From Requirements to Software Architecture",Relating Software Requirements and Architectures,,,,10.1007/978-3-642-21001-3_16,Michael Stal,2011,https://link.springer.com/chapter/10.1007/978-3-642-21001-3_16,Chapter
Design of surge tank for water supply systems using the impulse response method with the GA algorithm,Journal of Mechanical Science and Technology,,,,10.1007/s12206-010-0108-y,Sang-Hyun Kim,2010,https://link.springer.com/article/10.1007/s12206-010-0108-y,Article
Rhetoric or Vision? Chinese Responses to U.S. Unilateralism,Northeast Asia,,,,10.1007/978-3-540-79594-0_3,Kun-Chin Lin,2009,https://link.springer.com/chapter/10.1007/978-3-540-79594-0_3,Chapter
Improving Security of Oil Pipeline SCADA Systems Using Service-Oriented Architectures,On the Move to Meaningful Internet Systems: OTM 2008 Workshops,,,,10.1007/978-3-540-88875-8_56,Nary Subramanian,2008,https://link.springer.com/chapter/10.1007/978-3-540-88875-8_56,Conference paper
Introduction to Dependability Metrics,Dependability Metrics,,,,10.1007/978-3-540-68947-8_1,Irene EusgeldFelix C. Freiling,2008,https://link.springer.com/chapter/10.1007/978-3-540-68947-8_1,Chapter
Evaluating the Use of a Low-Cost Unmanned Aerial Vehicle Platform in Acquiring Digital Imagery for Emergency Response,Geomatics Solutions for Disaster Management,,,,10.1007/978-3-540-72108-6_9,G. Lewis,2007,https://link.springer.com/chapter/10.1007/978-3-540-72108-6_9,Chapter
Measuring and Managing IT Outsourcing Risk: Lessons Learned,Information Systems Outsourcing,,,,10.1007/978-3-540-34877-1_7,Benoit A. AubertMichel PatrySuzanne Rivard,2006,https://link.springer.com/chapter/10.1007/978-3-540-34877-1_7,Chapter
Measuring Corporate Sustainability Performance and Its Impact on Corporate Financial Performance,Applied Research in Environmental Economics,,,,10.1007/3-7908-1645-0_4,Thilo Goodall,2005,https://link.springer.com/chapter/10.1007/3-7908-1645-0_4,Chapter
The Impediments to Establish an Energy-Regime in Caucasia,Security of Natural Gas Supply through Transit Countries,,,,10.1007/1-4020-2078-3_15,Gokhan BacikBulent ARAS,2004,https://link.springer.com/chapter/10.1007/1-4020-2078-3_15,Conference paper
Underground Gas Storage in Georgia,Security of Natural Gas Supply through Transit Countries,,,,10.1007/1-4020-2078-3_9,Mads ChristensenDavid PapaveMichael Sidamonidze,2004,https://link.springer.com/chapter/10.1007/1-4020-2078-3_9,Conference paper